Part Number,Parts,CPU,Clock speed [max] (MHz) ,DMIPS,Flash (KB),SRAM(kB),EEPROM (kB) ,GPIO,USB,USB (speed),USB (type),CAN,UART,I?C,SPI,ADC channels,ADC (bits) ,Comparators,DAC (bits) ,Timers,Timer (bits) ,SCTimer / PWM,PWM,Package name,Temperature range,Temperature sensor,Supply voltage [min] (V) ,Supply voltage [max] (V) ,Product status,Demoboard,,,,
LPC1114FA44,from old ,Cortex-M0,50,0,32,8,-0,21,-0,,0,1,2,2,,8,10,4,16, 32,13,PLCC44,-0,11,Y,1.8,3.6,Development,OM13035, OM11086, OM11085,,,,,,,,,
LPC1101LVUK,LPC1101LVUK,Cortex-M0,50,-,32,2,-,21,-,-,-,-,1,1,1,6,8,-,22,16; 32,1,-,11,WLCSP25,-40 °C to +85 °C,-,N,1.71,1.89,Production,-,,,
LPC1102LVUK,LPC1102LVUK,Cortex-M0,50,42,32,8,-,21,-,-,-,-,1,1,1,6,8,-,22,16; 32,1,-,11,WLCSP25,-40 °C to +85 °C,-,N,1.71,1.89,Production,-,,,
LPC1102UK,LPC1102UK,Cortex-M0,50,-,32,8,-,11,-,-,-,-,1,-,1,5,10,-,22,16; 32,1,-,11,WLCSP,-40 °C to +85 °C,-,N,1.8,3.6,Production,-,,,
LPC1104UK,LPC1104UK,Cortex-M0,50,-,32,8,-,11,-,-,-,-,1,-,1,5,10,-,22,16; 32,1,-,11,WLCSP,-40 °C to +85 °C,-,N,1.8,3.6,Production,OM13047,,,
LPC1110FD20,LPC1110FD20,Cortex-M0,50,42,4,1,-,16,-,-,-,-,1,1,1,5,10,-,22,16; 32,1,-,13,SO20,-40 °C to +85 °C,-,N,1.8,3.6,Production,OM11085; OM13016; OM11086; OM11083; OM11049; OM13035,,,
LPC1111FDH20,LPC1111FDH20,Cortex-M0,50,-,8,2,-,16,-,-,-,-,1,1,1,5,10,-,22,16; 32,1,-,13,TSSOP20,-40 °C to +85 °C,-,N,1.8,3.6,Production,OM11085; OM11086; OM11049; OM13035,,,
LPC1111FDH20,LPC1111FDH20/002,Cortex-M0,50,-,8,2,-,16,-,-,-,-,1,1,1,5,10,-,22,16; 32,1,-,13,TSSOP20,-40 °C to +85 °C,-,-,1.8,3.6,Production,OM11085; OM11086; OM11049; OM13035,,,
LPC1111FHN33,LPC1111FHN33,Cortex-M0,50,-,8,2,-,28,-,-,-,-,1,1,1,8,10,-,22,16; 32,1,-,13,HVQFN32,-40 °C to +85 °C,-,N,1.8,3.6,Production,OM11085; OM11086; OM11049; OM13035,,,
LPC1111FHN33,LPC1111FHN33/101,Cortex-M0,50,-,8,2,-,28,-,-,-,-,1,1,1,8,10,-,22,16; 32,1,-,13,HVQFN32,-40 °C to +85 °C,-,-,1.8,3.6,Production,OM11085; OM11086; OM11049; OM13035,,,
LPC1111FHN33,LPC1111FHN33/102,Cortex-M0,50,-,8,2,-,28,-,-,-,-,1,1,1,8,10,-,22,16; 32,1,-,13,HVQFN32,-40 °C to +85 °C,-,-,1.8,3.6,Production,OM11085; OM11086; OM11049; OM13035,,,
LPC1111FHN33,LPC1111FHN33/103,Cortex-M0,50,-,8,2,-,28,-,-,-,-,1,1,1,8,10,-,22,16; 32,1,-,13,HVQFN32,-40 °C to +85 °C,-,-,1.8,3.6,Production,OM11085; OM11086; OM11049; OM13035,,,
LPC1111FHN33,LPC1111FHN33/201,Cortex-M0,50,-,8,2,-,28,-,-,-,-,1,1,1,8,10,-,22,16; 32,1,-,13,HVQFN32,-40 °C to +85 °C,-,-,1.8,3.6,Production,OM11085; OM11086; OM11049; OM13035,,,
LPC1111FHN33,LPC1111FHN33/202,Cortex-M0,50,-,8,2,-,28,-,-,-,-,1,1,1,8,10,-,22,16; 32,1,-,13,HVQFN32,-40 °C to +85 °C,-,-,1.8,3.6,Production,OM11085; OM11086; OM11049; OM13035,,,
LPC1111FHN33,LPC1111FHN33/203,Cortex-M0,50,-,8,2,-,28,-,-,-,-,1,1,1,8,10,-,22,16; 32,1,-,13,HVQFN32,-40 °C to +85 °C,-,-,1.8,3.6,Production,OM11085; OM11086; OM11049; OM13035,,,
LPC1111FHN33,LPC1111FHN33/303,Cortex-M0,50,-,8,2,-,28,-,-,-,-,1,1,1,8,10,-,22,16; 32,1,-,13,HVQFN32,-40 °C to +85 °C,-,-,1.8,3.6,Production,OM11085; OM11086; OM11049; OM13035,,,
LPC1111JHN33,LPC1111JHN33,Cortex-M0,50,42,8,2,-,28,-,-,-,-,1,1,1,8,10,-,22,16; 32,1,-,13,HVQFN32,-40 °C to +105 °C,-,N,1.8,3.6,Production,-,,,
LPC1111JHN33,LPC1111JHN33/103,Cortex-M0,50,42,8,2,-,28,-,-,-,-,1,1,1,8,10,-,22,16; 32,1,-,13,HVQFN32,-40 °C to +105 °C,-,-,1.8,3.6,Production,-,,,
LPC1111JHN33,LPC1111JHN33/203,Cortex-M0,50,42,8,2,-,28,-,-,-,-,1,1,1,8,10,-,22,16; 32,1,-,13,HVQFN32,-40 °C to +105 °C,-,-,1.8,3.6,Production,-,,,
LPC1112FD20,LPC1112FD20,Cortex-M0,50,42,16,4,-,16,-,-,-,-,1,1,1,5,10,-,22,16; 32,1,-,13,SO20,-40 °C to +85 °C,-,N,1.8,3.6,Production,OM11085; OM11086; OM11049; OM13035,,,
LPC1112FD20,LPC1112FD20/102,Cortex-M0,50,42,16,4,-,16,-,-,-,-,1,1,1,5,10,-,22,16; 32,1,-,13,SO20,-40 °C to +85 °C,-,-,1.8,3.6,Production,OM11085; OM11086; OM11049; OM13035,,,
LPC1112FDH20,LPC1112FDH20,Cortex-M0,50,42,16,4,-,14,-,-,-,-,1,-,1,5,10,-,22,16; 32,1,-,13,TSSOP20,-40 °C to +85 °C,-,N,1.8,3.6,Production,OM11085; OM11086; OM11049; OM13035,,,
LPC1112FDH20,LPC1112FDH20/102,Cortex-M0,50,42,16,4,-,14,-,-,-,-,1,-,1,5,10,-,22,16; 32,1,-,13,TSSOP20,-40 °C to +85 °C,-,-,1.8,3.6,Production,OM11085; OM11086; OM11049; OM13035,,,
LPC1112FDH28,LPC1112FDH28,Cortex-M0,50,42,16,4,-,22,-,-,-,-,1,1,1,6,10,-,22,16; 32,1,-,13,TSSOP28,-40 °C to +85 °C,-,N,1.8,3.6,Production,OM11085; OM11049; OM13035,,,
LPC1112FDH28,LPC1112FDH28/102,Cortex-M0,50,42,16,4,-,22,-,-,-,-,1,1,1,6,10,-,22,16; 32,1,-,13,TSSOP28,-40 °C to +85 °C,-,-,1.8,3.6,Production,OM11085; OM11049; OM13035,,,
LPC1112FHI33,LPC1112FHI33,Cortex-M0,50,42,16,2,-,28,-,-,-,-,1,1,1,8,10,-,22,16; 32,1,-,13,HVQFN32,-40 °C to +85 °C,-,N,1.8,3.6,Production,OM11085; OM11086; OM11049; OM13035,,,
LPC1112FHI33,LPC1112FHI33/102,Cortex-M0,50,42,16,2,-,28,-,-,-,-,1,1,1,8,10,-,22,16; 32,1,-,13,HVQFN32,-40 °C to +85 °C,-,-,1.8,3.6,Production,OM11085; OM11086; OM11049; OM13035,,,
LPC1112FHI33,LPC1112FHI33/202,Cortex-M0,50,42,16,2,-,28,-,-,-,-,1,1,1,8,10,-,22,16; 32,1,-,13,HVQFN32,-40 °C to +85 °C,-,-,1.8,3.6,Production,OM11085; OM11086; OM11049; OM13035,,,
LPC1112FHI33,LPC1112FHI33/203,Cortex-M0,50,42,16,2,-,28,-,-,-,-,1,1,1,8,10,-,22,16; 32,1,-,13,HVQFN32,-40 °C to +85 °C,-,-,1.8,3.6,Production,OM11085; OM11086; OM11049; OM13035,,,
LPC1112FHN24,LPC1112FHN24,Cortex-M0,50,42,16,4,-,19,-,-,-,-,1,1,1,6,10,-,22,16; 32,1,-,13,HVQFN24,-40 °C to +85 °C,-,N,1.8,3.6,Production,OM11085; OM11086; OM11049; OM13035,,,
LPC1112FHN24,LPC1112FHN24/202,Cortex-M0,50,42,16,4,-,19,-,-,-,-,1,1,1,6,10,-,22,16; 32,1,-,13,HVQFN24,-40 °C to +85 °C,-,-,1.8,3.6,Production,OM11085; OM11086; OM11049; OM13035,,,
LPC1112FHN33,LPC1112FHN33,Cortex-M0,50,-,16,2,-,28,-,-,-,-,1,1,1,8,10,-,22,16; 32,1,-,13,HVQFN32,-40 °C to +85 °C,-,N,1.8,3.6,Production,OM11085; OM11086; OM11049; OM13035,,,
LPC1112FHN33,LPC1112FHN33/101,Cortex-M0,50,-,16,2,-,28,-,-,-,-,1,1,1,8,10,-,22,16; 32,1,-,13,HVQFN32,-40 °C to +85 °C,-,-,1.8,3.6,Production,OM11085; OM11086; OM11049; OM13035,,,
LPC1112FHN33,LPC1112FHN33/102,Cortex-M0,50,-,16,2,-,28,-,-,-,-,1,1,1,8,10,-,22,16; 32,1,-,13,HVQFN32,-40 °C to +85 °C,-,-,1.8,3.6,Production,OM11085; OM11086; OM11049; OM13035,,,
LPC1112FHN33,LPC1112FHN33/103,Cortex-M0,50,-,16,2,-,28,-,-,-,-,1,1,1,8,10,-,22,16; 32,1,-,13,HVQFN32,-40 °C to +85 °C,-,-,1.8,3.6,Production,OM11085; OM11086; OM11049; OM13035,,,
LPC1112FHN33,LPC1112FHN33/201,Cortex-M0,50,-,16,2,-,28,-,-,-,-,1,1,1,8,10,-,22,16; 32,1,-,13,HVQFN32,-40 °C to +85 °C,-,-,1.8,3.6,Production,OM11085; OM11086; OM11049; OM13035,,,
LPC1112FHN33,LPC1112FHN33/202,Cortex-M0,50,-,16,2,-,28,-,-,-,-,1,1,1,8,10,-,22,16; 32,1,-,13,HVQFN32,-40 °C to +85 °C,-,-,1.8,3.6,Production,OM11085; OM11086; OM11049; OM13035,,,
LPC1112FHN33,LPC1112FHN33/203,Cortex-M0,50,-,16,2,-,28,-,-,-,-,1,1,1,8,10,-,22,16; 32,1,-,13,HVQFN32,-40 °C to +85 °C,-,-,1.8,3.6,Production,OM11085; OM11086; OM11049; OM13035,,,
LPC1112FHN33,LPC1112FHN33/303,Cortex-M0,50,-,16,2,-,28,-,-,-,-,1,1,1,8,10,-,22,16; 32,1,-,13,HVQFN32,-40 °C to +85 °C,-,-,1.8,3.6,Production,OM11085; OM11086; OM11049; OM13035,,,
LPC1112JHI33,LPC1112JHI33,Cortex-M0,50,42,16,2,-,28,-,-,-,-,1,1,1,8,10,-,22,16; 32,1,-,13,HVQFN32,-40 °C to +105 °C,-,N,1.8,3.6,Production,-,,,
LPC1112JHI33,LPC1112JHI33/203,Cortex-M0,50,42,16,2,-,28,-,-,-,-,1,1,1,8,10,-,22,16; 32,1,-,13,HVQFN32,-40 °C to +105 °C,-,-,1.8,3.6,Production,-,,,
LPC1112JHN33,LPC1112JHN33,Cortex-M0,50,42,16,2,-,28,-,-,-,-,1,1,1,8,10,-,22,16; 32,1,-,13,HVQFN32,-40 °C to +105 °C,-,N,1.8,3.6,Production,-,,,
LPC1112JHN33,LPC1112JHN33/103,Cortex-M0,50,42,16,2,-,28,-,-,-,-,1,1,1,8,10,-,22,16; 32,1,-,13,HVQFN32,-40 °C to +105 °C,-,-,1.8,3.6,Production,-,,,
LPC1112JHN33,LPC1112JHN33/203,Cortex-M0,50,42,16,2,-,28,-,-,-,-,1,1,1,8,10,-,22,16; 32,1,-,13,HVQFN32,-40 °C to +105 °C,-,-,1.8,3.6,Production,-,,,
LPC1112LVFHI33,LPC1112LVFHI33,Cortex-M0,50,42,16,4,-,27,-,-,-,-,1,1,1,8,10,-,22,16; 32,1,-,11,HVQFN32,-40 °C to +85 °C,-,N,1.71,1.89,Production,-,,,
LPC1112LVFHI33,LPC1112LVFHI33/103,Cortex-M0,50,42,16,4,-,27,-,-,-,-,1,1,1,8,10,-,22,16; 32,1,-,11,HVQFN32,-40 °C to +85 °C,-,-,1.71,1.89,Production,-,,,
LPC1112LVFHN24,LPC1112LVFHN24,Cortex-M0,50,42,16,2,-,20,-,-,-,-,1,1,1,6,10,-,22,16; 32,1,-,11,HVQFN24,-40 °C to +85 °C,-,N,1.71,1.89,Production,-,,,
LPC1112LVFHN24,LPC1112LVFHN24/003,Cortex-M0,50,42,16,2,-,20,-,-,-,-,1,1,1,6,10,-,22,16; 32,1,-,11,HVQFN24,-40 °C to +85 °C,-,-,1.71,1.89,Production,-,,,
LPC1113FBD48,LPC1113FBD48,Cortex-M0,50,42,24,8,-,42,-,-,-,-,1,1,2,8,10,-,22,16; 32,1,-,13,LQFP48,-40 °C to +85 °C,-,N,1.8,3.6,Production,OM11085; OM11086; OM11049; OM13035,,,
LPC1113FBD48,LPC1113FBD48/301,Cortex-M0,50,42,24,8,-,42,-,-,-,-,1,1,2,8,10,-,22,16; 32,1,-,13,LQFP48,-40 °C to +85 °C,-,-,1.8,3.6,Production,OM11085; OM11086; OM11049; OM13035,,,
LPC1113FBD48,LPC1113FBD48/302,Cortex-M0,50,42,24,8,-,42,-,-,-,-,1,1,2,8,10,-,22,16; 32,1,-,13,LQFP48,-40 °C to +85 °C,-,-,1.8,3.6,Production,OM11085; OM11086; OM11049; OM13035,,,
LPC1113FBD48,LPC1113FBD48/303,Cortex-M0,50,42,24,8,-,42,-,-,-,-,1,1,2,8,10,-,22,16; 32,1,-,13,LQFP48,-40 °C to +85 °C,-,-,1.8,3.6,Production,OM11085; OM11086; OM11049; OM13035,,,
LPC1113FHN33,LPC1113FHN33,Cortex-M0,50,42,24,4,-,28,-,-,-,-,1,1,1,8,10,-,22,16; 32,1,-,13,HVQFN32,-40 °C to +85 °C,-,N,1.8,3.6,Production,OM11085; OM11086; OM11049; OM13035,,,
LPC1113FHN33,LPC1113FHN33/201,Cortex-M0,50,42,24,4,-,28,-,-,-,-,1,1,1,8,10,-,22,16; 32,1,-,13,HVQFN32,-40 °C to +85 °C,-,-,1.8,3.6,Production,OM11085; OM11086; OM11049; OM13035,,,
LPC1113FHN33,LPC1113FHN33/202,Cortex-M0,50,42,24,4,-,28,-,-,-,-,1,1,1,8,10,-,22,16; 32,1,-,13,HVQFN32,-40 °C to +85 °C,-,-,1.8,3.6,Production,OM11085; OM11086; OM11049; OM13035,,,
LPC1113FHN33,LPC1113FHN33/203,Cortex-M0,50,42,24,4,-,28,-,-,-,-,1,1,1,8,10,-,22,16; 32,1,-,13,HVQFN32,-40 °C to +85 °C,-,-,1.8,3.6,Production,OM11085; OM11086; OM11049; OM13035,,,
LPC1113FHN33,LPC1113FHN33/301,Cortex-M0,50,42,24,4,-,28,-,-,-,-,1,1,1,8,10,-,22,16; 32,1,-,13,HVQFN32,-40 °C to +85 °C,-,-,1.8,3.6,Production,OM11085; OM11086; OM11049; OM13035,,,
LPC1113FHN33,LPC1113FHN33/302,Cortex-M0,50,42,24,4,-,28,-,-,-,-,1,1,1,8,10,-,22,16; 32,1,-,13,HVQFN32,-40 °C to +85 °C,-,-,1.8,3.6,Production,OM11085; OM11086; OM11049; OM13035,,,
LPC1113FHN33,LPC1113FHN33/303,Cortex-M0,50,42,24,4,-,28,-,-,-,-,1,1,1,8,10,-,22,16; 32,1,-,13,HVQFN32,-40 °C to +85 °C,-,-,1.8,3.6,Production,OM11085; OM11086; OM11049; OM13035,,,
LPC1113JBD48,LPC1113JBD48,Cortex-M0,50,42,24,8,-,42,-,-,-,-,1,1,2,8,10,-,22,16; 32,1,-,13,LQFP48,-40 °C to +105 °C,-,N,1.8,3.6,Production,-,,,
LPC1113JBD48,LPC1113JBD48/303,Cortex-M0,50,42,24,8,-,42,-,-,-,-,1,1,2,8,10,-,22,16; 32,1,-,13,LQFP48,-40 °C to +105 °C,-,-,1.8,3.6,Production,-,,,
LPC1113JHN33,LPC1113JHN33,Cortex-M0,50,42,24,4,-,28,-,-,-,-,1,1,1,8,10,-,22,16; 32,1,-,13,HVQFN32,-40 °C to +105 °C,-,N,1.8,3.6,Production,-,,,
LPC1113JHN33,LPC1113JHN33/203,Cortex-M0,50,42,24,4,-,28,-,-,-,-,1,1,1,8,10,-,22,16; 32,1,-,13,HVQFN32,-40 °C to +105 °C,-,-,1.8,3.6,Production,-,,,
LPC1113JHN33,LPC1113JHN33/303,Cortex-M0,50,42,24,4,-,28,-,-,-,-,1,1,1,8,10,-,22,16; 32,1,-,13,HVQFN32,-40 °C to +105 °C,-,-,1.8,3.6,Production,-,,,
LPC1114FBD48,LPC1114FBD48,Cortex-M0,50,42,32,8,-,42,-,-,-,-,1,1,2,8,10,-,22,16; 32,1,-,13,LQFP48,-40 °C to +85 °C,-,N,1.8,3.6,Production,OM11085; OM11086; OM11049; OM13035,,,
LPC1114FBD48,LPC1114FBD48/301,Cortex-M0,50,42,32,8,-,42,-,-,-,-,1,1,2,8,10,-,22,16; 32,1,-,13,LQFP48,-40 °C to +85 °C,-,-,1.8,3.6,Production,OM11085; OM11086; OM11049; OM13035,,,
LPC1114FBD48,LPC1114FBD48/302,Cortex-M0,50,42,32,8,-,42,-,-,-,-,1,1,2,8,10,-,22,16; 32,1,-,13,LQFP48,-40 °C to +85 °C,-,-,1.8,3.6,Production,OM11085; OM11086; OM11049; OM13035,,,
LPC1114FBD48,LPC1114FBD48/303,Cortex-M0,50,42,32,8,-,42,-,-,-,-,1,1,2,8,10,-,22,16; 32,1,-,13,LQFP48,-40 °C to +85 °C,-,-,1.8,3.6,Production,OM11085; OM11086; OM11049; OM13035,,,
LPC1114FBD48,LPC1114FBD48/323,Cortex-M0,50,42,32,8,-,42,-,-,-,-,1,1,2,8,10,-,22,16; 32,1,-,13,LQFP48,-40 °C to +85 °C,-,-,1.8,3.6,Production,OM11085; OM11086; OM11049; OM13035,,,
LPC1114FBD48,LPC1114FBD48/333,Cortex-M0,50,42,32,8,-,42,-,-,-,-,1,1,2,8,10,-,22,16; 32,1,-,13,LQFP48,-40 °C to +85 °C,-,-,1.8,3.6,Production,OM11085; OM11086; OM11049; OM13035,,,
LPC1114FDH28,LPC1114FDH28,Cortex-M0,50,42,32,4,-,22,-,-,-,-,1,1,1,6,10,-,22,16; 32,1,-,13,TSSOP28,-40 °C to +85 °C,-,N,1.8,3.6,Production,OM11085; OM11086; OM11049; OM13035,,,
LPC1114FDH28,LPC1114FDH28/102,Cortex-M0,50,42,32,4,-,22,-,-,-,-,1,1,1,6,10,-,22,16; 32,1,-,13,TSSOP28,-40 °C to +85 °C,-,-,1.8,3.6,Production,OM11085; OM11086; OM11049; OM13035,,,
LPC1114FHI33,LPC1114FHI33,Cortex-M0,50,42,32,4,-,28,-,-,-,-,1,1,1,8,10,-,22,16; 32,1,-,13,HVQFN32,-40 °C to +85 °C,-,N,1.8,3.6,Production,OM11085; OM11086; OM11049; OM13035,,,
LPC1114FHI33,LPC1114FHI33/302,Cortex-M0,50,42,32,4,-,28,-,-,-,-,1,1,1,8,10,-,22,16; 32,1,-,13,HVQFN32,-40 °C to +85 °C,-,-,1.8,3.6,Production,OM11085; OM11086; OM11049; OM13035,,,
LPC1114FHI33,LPC1114FHI33/303,Cortex-M0,50,42,32,4,-,28,-,-,-,-,1,1,1,8,10,-,22,16; 32,1,-,13,HVQFN32,-40 °C to +85 °C,-,-,1.8,3.6,Production,OM11085; OM11086; OM11049; OM13035,,,
LPC1114FHN33,LPC1114FHN33,Cortex-M0,50,42,32,4,-,28,-,-,-,-,1,1,1,8,10,-,22,16; 32,1,-,13,HVQFN32,-40 °C to +85 °C,-,N,1.8,3.6,Production,OM11085; OM11086; OM11049; OM13035,,,
LPC1114FHN33,LPC1114FHN33/201,Cortex-M0,50,42,32,4,-,28,-,-,-,-,1,1,1,8,10,-,22,16; 32,1,-,13,HVQFN32,-40 °C to +85 °C,-,-,1.8,3.6,Production,OM11085; OM11086; OM11049; OM13035,,,
LPC1114FHN33,LPC1114FHN33/202,Cortex-M0,50,42,32,4,-,28,-,-,-,-,1,1,1,8,10,-,22,16; 32,1,-,13,HVQFN32,-40 °C to +85 °C,-,-,1.8,3.6,Production,OM11085; OM11086; OM11049; OM13035,,,
LPC1114FHN33,LPC1114FHN33/203,Cortex-M0,50,42,32,4,-,28,-,-,-,-,1,1,1,8,10,-,22,16; 32,1,-,13,HVQFN32,-40 °C to +85 °C,-,-,1.8,3.6,Production,OM11085; OM11086; OM11049; OM13035,,,
LPC1114FHN33,LPC1114FHN33/301,Cortex-M0,50,42,32,4,-,28,-,-,-,-,1,1,1,8,10,-,22,16; 32,1,-,13,HVQFN32,-40 °C to +85 °C,-,-,1.8,3.6,Production,OM11085; OM11086; OM11049; OM13035,,,
LPC1114FHN33,LPC1114FHN33/302,Cortex-M0,50,42,32,4,-,28,-,-,-,-,1,1,1,8,10,-,22,16; 32,1,-,13,HVQFN32,-40 °C to +85 °C,-,-,1.8,3.6,Production,OM11085; OM11086; OM11049; OM13035,,,
LPC1114FHN33,LPC1114FHN33/303,Cortex-M0,50,42,32,4,-,28,-,-,-,-,1,1,1,8,10,-,22,16; 32,1,-,13,HVQFN32,-40 °C to +85 °C,-,-,1.8,3.6,Production,OM11085; OM11086; OM11049; OM13035,,,
LPC1114FHN33,LPC1114FHN33/333,Cortex-M0,50,42,32,4,-,28,-,-,-,-,1,1,1,8,10,-,22,16; 32,1,-,13,HVQFN32,-40 °C to +85 °C,-,-,1.8,3.6,Production,OM11085; OM11086; OM11049; OM13035,,,
LPC1114FHN33,LPC1114FHN33/CP3333,Cortex-M0,50,42,32,4,-,28,-,-,-,-,1,1,1,8,10,-,22,16; 32,1,-,13,HVQFN32,-40 °C to +85 °C,-,-,1.8,3.6,Production,OM11085; OM11086; OM11049; OM13035,,,
LPC1114FHN33,LPC1114FHN33/CP3335,Cortex-M0,50,42,32,4,-,28,-,-,-,-,1,1,1,8,10,-,22,16; 32,1,-,13,HVQFN32,-40 °C to +85 °C,-,-,1.8,3.6,Production,OM11085; OM11086; OM11049; OM13035,,,
LPC1114FN28,LPC1114FN28,Cortex-M0,50,42,32,4,-,22,-,-,-,-,1,1,1,6,10,-,22,16; 32,1,-,13,DIP28,-40 °C to +85 °C,-,N,1.8,3.6,Production,OM11085; OM11086; OM11049; OM13035,,,
LPC1114FN28,LPC1114FN28/102,Cortex-M0,50,42,32,4,-,22,-,-,-,-,1,1,1,6,10,-,22,16; 32,1,-,13,DIP28,-40 °C to +85 °C,-,-,1.8,3.6,Production,OM11085; OM11086; OM11049; OM13035,,,
LPC1114JBD48,LPC1114JBD48,Cortex-M0,50,42,32,8,-,42,-,-,-,-,1,1,2,8,10,-,22,16; 32,1,-,13,LQFP48,-40 °C to +105 °C,-,N,1.8,3.6,Production,-,,,
LPC1114JBD48,LPC1114JBD48/303,Cortex-M0,50,42,32,8,-,42,-,-,-,-,1,1,2,8,10,-,22,16; 32,1,-,13,LQFP48,-40 °C to +105 °C,-,-,1.8,3.6,Production,-,,,
LPC1114JBD48,LPC1114JBD48/323,Cortex-M0,50,42,32,8,-,42,-,-,-,-,1,1,2,8,10,-,22,16; 32,1,-,13,LQFP48,-40 °C to +105 °C,-,-,1.8,3.6,Production,-,,,
LPC1114JBD48,LPC1114JBD48/333,Cortex-M0,50,42,32,8,-,42,-,-,-,-,1,1,2,8,10,-,22,16; 32,1,-,13,LQFP48,-40 °C to +105 °C,-,-,1.8,3.6,Production,-,,,
LPC1114JHI33,LPC1114JHI33,Cortex-M0,50,42,32,4,-,28,-,-,-,-,1,1,1,8,10,-,22,16; 32,1,-,13,HVQFN32,-40 °C to +105 °C,-,N,1.8,3.6,Production,-,,,
LPC1114JHI33,LPC1114JHI33/303,Cortex-M0,50,42,32,4,-,28,-,-,-,-,1,1,1,8,10,-,22,16; 32,1,-,13,HVQFN32,-40 °C to +105 °C,-,-,1.8,3.6,Production,-,,,
LPC1114JHN33,LPC1114JHN33,Cortex-M0,50,42,32,4,-,28,-,-,-,-,1,1,1,8,10,-,22,16; 32,1,-,13,HVQFN32,-40 °C to +105 °C,-,N,1.8,3.6,Production,-,,,
LPC1114JHN33,LPC1114JHN33/203,Cortex-M0,50,42,32,4,-,28,-,-,-,-,1,1,1,8,10,-,22,16; 32,1,-,13,HVQFN32,-40 °C to +105 °C,-,-,1.8,3.6,Production,-,,,
LPC1114JHN33,LPC1114JHN33/303,Cortex-M0,50,42,32,4,-,28,-,-,-,-,1,1,1,8,10,-,22,16; 32,1,-,13,HVQFN32,-40 °C to +105 °C,-,-,1.8,3.6,Production,-,,,
LPC1114JHN33,LPC1114JHN33/333,Cortex-M0,50,42,32,4,-,28,-,-,-,-,1,1,1,8,10,-,22,16; 32,1,-,13,HVQFN32,-40 °C to +105 °C,-,-,1.8,3.6,Production,-,,,
LPC1114LVFHI33,LPC1114LVFHI33,Cortex-M0,50,42,32,8,-,27,-,-,-,-,1,1,1,8,10,-,22,16; 32,1,-,11,HVQFN32,-40 °C to +85 °C,-,N,1.71,1.89,Production,-,,,
LPC1114LVFHI33,LPC1114LVFHI33/303,Cortex-M0,50,42,32,8,-,27,-,-,-,-,1,1,1,8,10,-,22,16; 32,1,-,11,HVQFN32,-40 °C to +85 °C,-,-,1.71,1.89,Production,-,,,
LPC1114LVFHN24,LPC1114LVFHN24,Cortex-M0,50,42,32,4,-,20,-,-,-,-,1,1,1,6,10,-,22,16; 32,1,-,11,HVQFN24,-40 °C to +85 °C,-,N,1.71,1.89,Production,-,,,
LPC1114LVFHN24,LPC1114LVFHN24/103,Cortex-M0,50,42,32,4,-,20,-,-,-,-,1,1,1,6,10,-,22,16; 32,1,-,11,HVQFN24,-40 °C to +85 °C,-,-,1.71,1.89,Production,-,,,
LPC1114LVFHN24,LPC1114LVFHN24/303,Cortex-M0,50,42,32,4,-,20,-,-,-,-,1,1,1,6,10,-,22,16; 32,1,-,11,HVQFN24,-40 °C to +85 °C,-,-,1.71,1.89,Production,-,,,
LPC1115FBD48,LPC1115FBD48,Cortex-M0,50,42,64,8,-,42,-,-,-,-,1,1,2,8,10,-,22,16; 32,1,-,13,LQFP48,-40 °C to +85 °C,-,N,1.8,3.6,Production,-,,,
LPC1115FBD48,LPC1115FBD48/303,Cortex-M0,50,42,64,8,-,42,-,-,-,-,1,1,2,8,10,-,22,16; 32,1,-,13,LQFP48,-40 °C to +85 °C,-,-,1.8,3.6,Production,-,,,
LPC1115FET48,LPC1115FET48,Cortex-M0,50,42,64,8,-,42,-,-,-,-,1,1,2,8,10,-,22,16; 32,1,-,13,TFBGA48,-40 °C to +85 °C,-,N,1.8,3.6,Production,-,,,
LPC1115FET48,LPC1115FET48/303,Cortex-M0,50,42,64,8,-,42,-,-,-,-,1,1,2,8,10,-,22,16; 32,1,-,13,TFBGA48,-40 °C to +85 °C,-,-,1.8,3.6,Production,-,,,
LPC1115FET48,LPC1115FET48/CP3336,Cortex-M0,50,42,64,8,-,42,-,-,-,-,1,1,2,8,10,-,22,16; 32,1,-,13,TFBGA48,-40 °C to +85 °C,-,-,1.8,3.6,Production,-,,,
LPC1115JBD48,LPC1115JBD48,Cortex-M0,50,42,64,8,-,42,-,-,-,-,1,1,2,8,10,-,22,16; 32,1,-,13,LQFP48,-40 °C to +105 °C,-,N,1.8,3.6,Production,-,,,
LPC1115JBD48,LPC1115JBD48/303,Cortex-M0,50,42,64,8,-,42,-,-,-,-,1,1,2,8,10,-,22,16; 32,1,-,13,LQFP48,-40 °C to +105 °C,-,-,1.8,3.6,Production,-,,,
LPC1115JET48,LPC1115JET48,Cortex-M0,50,42,64,8,-,42,-,-,-,-,1,1,2,8,10,-,22,16; 32,1,-,13,TFBGA48,-40 °C to +105 °C,-,N,1.8,3.6,Production,-,,,
LPC1115JET48,LPC1115JET48/303,Cortex-M0,50,42,64,8,-,42,-,-,-,-,1,1,2,8,10,-,22,16; 32,1,-,13,TFBGA48,-40 °C to +105 °C,-,-,1.8,3.6,Production,-,,,
LPC1124JBD48,LPC1124JBD48,Cortex-M0,50,42,64,8,-,38,-,-,-,-,3,1,-,8,12,-,-,-,1,-,-,LQFP48,-40 °C to +105 °C,-,N,1.8,3.6,Production,-,,,
LPC1124JBD48,LPC1124JBD48/303,Cortex-M0,50,42,64,8,-,38,-,-,-,-,3,1,-,8,12,-,-,-,1,-,-,LQFP48,-40 °C to +105 °C,-,-,1.8,3.6,Production,-,,,
LPC1125JBD48,LPC1125JBD48,Cortex-M0,50,42,64,8,-,38,-,-,-,-,3,1,-,8,-,-,-,-,1,-,-,LQFP48,-40 °C to +105 °C,-,N,1.8,3.6,Production,OM13080,,,
LPC1125JBD48,LPC1125JBD48/303,Cortex-M0,50,42,64,8,-,38,-,-,-,-,3,1,-,8,-,-,-,-,1,-,-,LQFP48,-40 °C to +105 °C,-,-,1.8,3.6,Production,OM13080,,,
LPC11A02UK,LPC11A02UK,Cortex-M0,50,42,16,4,2,18,-,-,-,-,1,1,1,8,10,1,22,16; 32,1,-,11,WLCSP,-40 °C to +85 °C,1,N,2.6,3.6,Production,-,,,
LPC11A04UK,LPC11A04UK,Cortex-M0,50,42,32,8,4,18,-,-,-,-,1,1,1,8,10,1,22,16; 32,1,-,11,WLCSP,-40 °C to +85 °C,1,N,1.8,3.6,Production,-,,,
LPC11A11FHN33,LPC11A11FHN33,Cortex-M0,50,42,8,2,0.5,28,-,-,-,-,1,1,2,8,10,1,22,16; 32,1,-,11,HVQFN32,-40 °C to +85 °C,1,N,1.8,3.6,Production,OM13025,,,
LPC11A11FHN33,LPC11A11FHN33/001,Cortex-M0,50,42,8,2,0.5,28,-,-,-,-,1,1,2,8,10,1,22,16; 32,1,-,11,HVQFN32,-40 °C to +85 °C,1,-,1.8,3.6,Production,OM13025,,,
LPC11A11FHN33,LPC11A11FHN33/101,Cortex-M0,50,42,8,2,0.5,28,-,-,-,-,1,1,2,8,10,1,22,16; 32,1,-,11,HVQFN32,-40 °C to +85 °C,1,-,1.8,3.6,Production,OM13025,,,
LPC11A12FBD48,LPC11A12FBD48,Cortex-M0,50,42,16,4,1,42,-,-,-,-,1,1,2,8,10,1,22,16; 32,1,-,11,LQFP48,-40 °C to +85 °C,1,N,1.8,3.6,Production,OM13025,,,
LPC11A12FBD48,LPC11A12FBD48/101,Cortex-M0,50,42,16,4,1,42,-,-,-,-,1,1,2,8,10,1,22,16; 32,1,-,11,LQFP48,-40 °C to +85 °C,1,-,1.8,3.6,Production,OM13025,,,
LPC11A12FBD48,LPC11A12FBD48/201,Cortex-M0,50,42,16,4,1,42,-,-,-,-,1,1,2,8,10,1,22,16; 32,1,-,11,LQFP48,-40 °C to +85 °C,1,-,1.8,3.6,Production,OM13025,,,
LPC11A12FHN33,LPC11A12FHN33,Cortex-M0,50,42,16,4,1,28,-,-,-,-,1,1,2,8,10,1,22,16; 32,1,-,11,HVQFN32,-40 °C to +85 °C,1,N,1.8,3.6,Production,OM13025,,,
LPC11A12FHN33,LPC11A12FHN33/101,Cortex-M0,50,42,16,4,1,28,-,-,-,-,1,1,2,8,10,1,22,16; 32,1,-,11,HVQFN32,-40 °C to +85 °C,1,-,1.8,3.6,Production,OM13025,,,
LPC11A13FHI33,LPC11A13FHI33,Cortex-M0,50,42,24,6,2,28,-,-,-,-,1,1,2,8,10,1,22,16; 32,1,-,11,HVQFN32,-40 °C to +85 °C,1,N,1.8,3.6,Production,OM13025,,,
LPC11A13FHI33,LPC11A13FHI33/201,Cortex-M0,50,42,24,6,2,28,-,-,-,-,1,1,2,8,10,1,22,16; 32,1,-,11,HVQFN32,-40 °C to +85 °C,1,-,1.8,3.6,Production,OM13025,,,
LPC11A13JHI33,LPC11A13JHI33,Cortex-M0,50,42,24,6,2,28,-,-,-,-,1,1,2,8,10,1,22,16; 32,1,-,11,HVQFN32,-40 °C to +105 °C,1,N,1.8,3.6,Production,-,,,
LPC11A13JHI33,LPC11A13JHI33/201,Cortex-M0,50,42,24,6,2,28,-,-,-,-,1,1,2,8,10,1,22,16; 32,1,-,11,HVQFN32,-40 °C to +105 °C,1,-,1.8,3.6,Production,-,,,
LPC11A14FBD48,LPC11A14FBD48,Cortex-M0,50,42,32,8,4,42,-,-,-,-,1,1,2,8,10,1,22,16; 32,1,-,11,LQFP48,-40 °C to +85 °C,1,N,1.8,3.6,Production,OM13025,,,
LPC11A14FBD48,LPC11A14FBD48/301,Cortex-M0,50,42,32,8,4,42,-,-,-,-,1,1,2,8,10,1,22,16; 32,1,-,11,LQFP48,-40 °C to +85 °C,1,-,1.8,3.6,Production,OM13025,,,
LPC11A14FBD48,LPC11A14FBD48/401,Cortex-M0,50,42,32,8,4,42,-,-,-,-,1,1,2,8,10,1,22,16; 32,1,-,11,LQFP48,-40 °C to +85 °C,1,-,1.8,3.6,Production,OM13025,,,
LPC11A14FHN33,LPC11A14FHN33,Cortex-M0,50,42,32,8,4,28,-,-,-,-,1,1,2,8,10,1,22,16; 32,1,-,11,HVQFN32,-40 °C to +85 °C,1,N,1.8,3.6,Production,OM13025,,,
LPC11A14FHN33,LPC11A14FHN33/301,Cortex-M0,50,42,32,8,4,28,-,-,-,-,1,1,2,8,10,1,22,16; 32,1,-,11,HVQFN32,-40 °C to +85 °C,1,-,1.8,3.6,Production,OM13025,,,
LPC11A14FHN33,LPC11A14FHN33/401,Cortex-M0,50,42,32,8,4,28,-,-,-,-,1,1,2,8,10,1,22,16; 32,1,-,11,HVQFN32,-40 °C to +85 °C,1,-,1.8,3.6,Production,OM13025,,,
LPC11A14JBD48,LPC11A14JBD48,Cortex-M0,50,42,32,8,4,42,-,-,-,-,1,1,2,8,10,1,22,16; 32,1,-,11,LQFP48,-40 °C to +105 °C,1,N,1.8,3.6,Production,-,,,
LPC11A14JBD48,LPC11A14JBD48/301,Cortex-M0,50,42,32,8,4,42,-,-,-,-,1,1,2,8,10,1,22,16; 32,1,-,11,LQFP48,-40 °C to +105 °C,1,-,1.8,3.6,Production,-,,,
LPC11C12FBD48,LPC11C12FBD48,Cortex-M0,50,42,16,8,-,40,-,-,-,1,1,1,2,8,10,-,22,16; 32,1,-,11,LQFP48,-40 °C to +85 °C,-,N,1.8,3.6,Production,OM13003; OM13004; OM13012,,,
LPC11C12FBD48,LPC11C12FBD48/301,Cortex-M0,50,42,16,8,-,40,-,-,-,1,1,1,2,8,10,-,22,16; 32,1,-,11,LQFP48,-40 °C to +85 °C,-,-,1.8,3.6,Production,OM13003; OM13004; OM13012,,,
LPC11C14FBD48,LPC11C14FBD48,Cortex-M0,50,42,32,8,-,40,-,-,-,1,1,1,2,8,10,-,22,16; 32,1,-,11,LQFP48,-40 °C to +85 °C,-,N,1.8,3.6,Production,OM13003; OM13004; OM13012,,,
LPC11C14FBD48,LPC11C14FBD48/301,Cortex-M0,50,42,32,8,-,40,-,-,-,1,1,1,2,8,10,-,22,16; 32,1,-,11,LQFP48,-40 °C to +85 °C,-,-,1.8,3.6,Production,OM13003; OM13004; OM13012,,,
LPC11C22FBD48,LPC11C22FBD48,Cortex-M0,50,42,16,8,-,36,-,-,-,1,1,1,2,8,10,-,22,16; 32,1,-,11,LQFP48,-40 °C to +85 °C,-,N,1.8,3.6,Production,OM13012,,,
LPC11C22FBD48,LPC11C22FBD48/301,Cortex-M0,50,42,16,8,-,36,-,-,-,1,1,1,2,8,10,-,22,16; 32,1,-,11,LQFP48,-40 °C to +85 °C,-,-,1.8,3.6,Production,OM13012,,,
LPC11C24FBD48,LPC11C24FBD48,Cortex-M0,50,42,32,8,-,36,-,-,-,1,1,1,2,8,10,-,22,16; 32,1,-,11,LQFP48,-40 °C to +85 °C,-,N,1.8,3.6,Production,OM13012,,,
LPC11C24FBD48,LPC11C24FBD48/301,Cortex-M0,50,42,32,8,-,36,-,-,-,1,1,1,2,8,10,-,22,16; 32,1,-,11,LQFP48,-40 °C to +85 °C,-,-,1.8,3.6,Production,OM13012,,,
LPC11D14FBD100,LPC11D14FBD100,Cortex-M0,50,42,32,8,-,42,-,-,-,-,1,1,2,8,10,-,22,16; 32,1,-,11,LQFP100,-40 °C to +85 °C,-,N,1.8,3.6,Production,OM13023,,,
LPC11D14FBD100,LPC11D14FBD100/302,Cortex-M0,50,42,32,8,-,42,-,-,-,-,1,1,2,8,10,-,22,16; 32,1,-,11,LQFP100,-40 °C to +85 °C,-,-,1.8,3.6,Production,OM13023,,,
LPC11E11FHN33,LPC11E11FHN33,Cortex-M0,50,42,8,4,0.5,28,-,-,-,-,1,1,-,8,10,-,22,16; 32,1,-,11,HVQFN32,-40 °C to +85 °C,-,N,1.8,3.6,Production,-,,,
LPC11E11FHN33,LPC11E11FHN33/101,Cortex-M0,50,42,8,4,0.5,28,-,-,-,-,1,1,-,8,10,-,22,16; 32,1,-,11,HVQFN32,-40 °C to +85 °C,-,-,1.8,3.6,Production,-,,,
LPC11E12FBD48,LPC11E12FBD48,Cortex-M0,50,42,16,6,1,40,-,-,-,-,1,1,-,8,10,-,22,16; 32,1,-,11,LQFP48,-40 °C to +85 °C,-,N,1.8,3.6,Production,-,,,
LPC11E12FBD48,LPC11E12FBD48/201,Cortex-M0,50,42,16,6,1,40,-,-,-,-,1,1,-,8,10,-,22,16; 32,1,-,11,LQFP48,-40 °C to +85 °C,-,-,1.8,3.6,Production,-,,,
LPC11E13FBD48,LPC11E13FBD48,Cortex-M0,50,42,24,8,2,40,-,-,-,-,1,1,-,8,10,-,22,16; 32,1,-,11,LQFP48,-40 °C to +85 °C,-,N,1.8,3.6,Production,-,,,
LPC11E13FBD48,LPC11E13FBD48/301,Cortex-M0,50,42,24,8,2,40,-,-,-,-,1,1,-,8,10,-,22,16; 32,1,-,11,LQFP48,-40 °C to +85 °C,-,-,1.8,3.6,Production,-,,,
LPC11E14FBD48,LPC11E14FBD48,Cortex-M0,50,42,32,10,4,40,-,-,-,-,1,1,-,8,10,-,22,16; 32,1,-,11,LQFP48,-40 °C to +85 °C,-,N,1.8,3.6,Production,-,,,
LPC11E14FBD48,LPC11E14FBD48/401,Cortex-M0,50,42,32,10,4,40,-,-,-,-,1,1,-,8,10,-,22,16; 32,1,-,11,LQFP48,-40 °C to +85 °C,-,-,1.8,3.6,Production,-,,,
LPC11E14FBD64,LPC11E14FBD64,Cortex-M0,50,42,32,10,4,54,-,-,-,-,1,1,-,8,10,-,22,16; 32,1,-,11,LQFP64,-40 °C to +85 °C,-,N,1.8,3.6,Production,-,,,
LPC11E14FBD64,LPC11E14FBD64/401,Cortex-M0,50,42,32,10,4,54,-,-,-,-,1,1,-,8,10,-,22,16; 32,1,-,11,LQFP64,-40 °C to +85 °C,-,-,1.8,3.6,Production,-,,,
LPC11E14FHN33,LPC11E14FHN33,Cortex-M0,50,42,32,10,4,28,-,-,-,-,1,1,-,8,10,-,22,16; 32,1,-,11,HVQFN32,-40 °C to +85 °C,-,N,1.8,3.6,Production,-,,,
LPC11E14FHN33,LPC11E14FHN33/401,Cortex-M0,50,42,32,10,4,28,-,-,-,-,1,1,-,8,10,-,22,16; 32,1,-,11,HVQFN32,-40 °C to +85 °C,-,-,1.8,3.6,Production,-,,,
LPC11E36FBD64,LPC11E36FBD64,Cortex-M0,50,42,96,12,4,54,-,-,-,-,1,1,-,8,10,-,22,16; 32,1,-,11,LQFP64,-40 °C to +85 °C,-,N,1.8,3.6,Production,OM13062,,,
LPC11E36FBD64,LPC11E36FBD64/501,Cortex-M0,50,42,96,12,4,54,-,-,-,-,1,1,-,8,10,-,22,16; 32,1,-,11,LQFP64,-40 °C to +85 °C,-,-,1.8,3.6,Production,OM13062,,,
LPC11E36FHN33,LPC11E36FHN33,Cortex-M0,50,42,96,12,4,28,-,-,-,-,1,1,-,8,10,-,22,16; 32,1,-,11,HVQFN32,-40 °C to +85 °C,-,N,1.8,3.6,Production,OM13062,,,
LPC11E36FHN33,LPC11E36FHN33/501,Cortex-M0,50,42,96,12,4,28,-,-,-,-,1,1,-,8,10,-,22,16; 32,1,-,11,HVQFN32,-40 °C to +85 °C,-,-,1.8,3.6,Production,OM13062,,,
LPC11E37FBD48,LPC11E37FBD48,Cortex-M0,50,42,128,12,4,40,-,-,-,-,1,1,-,8,10,-,22,16; 32,1,-,11,LQFP48,-40 °C to +85 °C,-,N,1.8,3.6,Production,OM13062,,,
LPC11E37FBD48,LPC11E37FBD48/501,Cortex-M0,50,42,128,12,4,40,-,-,-,-,1,1,-,8,10,-,22,16; 32,1,-,11,LQFP48,-40 °C to +85 °C,-,-,1.8,3.6,Production,OM13062,,,
LPC11E37FBD64,LPC11E37FBD64,Cortex-M0,50,42,128,12,4,54,-,-,-,-,1,1,-,8,10,-,22,16; 32,1,-,11,LQFP64,-40 °C to +85 °C,-,N,1.8,3.6,Production,OM13062,,,
LPC11E37FBD64,LPC11E37FBD64/501,Cortex-M0,50,42,128,12,4,54,-,-,-,-,1,1,-,8,10,-,22,16; 32,1,-,11,LQFP64,-40 °C to +85 °C,-,-,1.8,3.6,Production,OM13062,,,
LPC11E37HFBD64,LPC11E37HFBD64,Cortex-M0,50,42,128,10,4,54,-,-,-,-,1,1,-,8,10,-,22,16; 32,1,-,11,LQFP64,-40 °C to +85 °C,-,Y,1.8,3.6,Production,OM13062,,,
LPC11E37HFBD64,LPC11E37HFBD64/401,Cortex-M0,50,42,128,10,4,54,-,-,-,-,1,1,-,8,10,-,22,16; 32,1,-,11,LQFP64,-40 °C to +85 °C,-,-,1.8,3.6,Production,OM13062,,,
LPC11E66JBD48,LPC11E66JBD48,Cortex-M0+,50,42,64,12,4,36,-,-,-,-,4,2,-,8,12,-,22,16; 32,2,-,6,LQFP48,-40 °C to +105 °C,-,N,2.4,3.6,Production,-,,,
LPC11E67JBD100,LPC11E67JBD100,Cortex-M0+,50,42,128,20,4,80,-,-,-,-,5,2,-,12,12,-,22,16; 32,2,-,6,LQFP100,-40 °C to +105 °C,-,N,2.4,3.6,Production,-,,,
LPC11E67JBD48,LPC11E67JBD48,Cortex-M0+,50,42,128,20,4,36,-,-,-,-,4,2,-,8,12,-,22,16; 32,2,-,6,LQFP48,-40 °C to +105 °C,-,N,2.4,3.6,Production,OM13058,,,
LPC11E67JBD64,LPC11E67JBD64,Cortex-M0+,50,42,128,20,4,50,-,-,-,-,4,2,-,10,12,-,22,16; 32,2,-,6,LQFP64,-40 °C to +105 °C,-,N,1.8,3.6,Production,-,,,
LPC11E68JBD100,LPC11E68JBD100,Cortex-M0+,50,42,256,36,4,80,-,-,-,-,5,2,-,12,12,-,22,16; 32,2,-,6,LQFP100,-40 °C to +105 °C,-,N,2.4,3.6,Production,OM13058,,,
LPC11E68JBD48,LPC11E68JBD48,Cortex-M0+,50,42,256,36,4,36,-,-,-,-,4,2,-,8,12,-,22,16; 32,2,-,6,LQFP48,-40 °C to +105 °C,-,N,2.4,3.6,Production,-,,,
LPC11E68JBD64,LPC11E68JBD64,Cortex-M0+,50,42,256,36,4,50,-,-,-,-,4,2,-,8,10,-,22,16; 32,2,-,11,LQFP64,-40 °C to +85 °C,-,N,1.8,3.6,Production,OM13058,,,
LPC11U12FBD48,LPC11U12FBD48,Cortex-M0,50,42,16,6,-,40,1,FS,device,-,1,1,2,8,10,-,22,16; 32,1,-,11,LQFP48,-40 °C to +85 °C,-,N,1.8,3.6,Production,OM13033; OM13014; OM13021; OM13017; OM13018; OM13041; OM13032,,,
LPC11U12FBD48,LPC11U12FBD48/201,Cortex-M0,50,42,16,6,-,40,1,FS,device,-,1,1,2,8,10,-,22,16; 32,1,-,11,LQFP48,-40 °C to +85 °C,-,-,1.8,3.6,Production,OM13033; OM13014; OM13021; OM13017; OM13018; OM13041; OM13032,,,
LPC11U12FHN33,LPC11U12FHN33,Cortex-M0,50,42,16,6,-,26,1,FS,device,-,1,1,2,8,10,-,22,16; 32,1,-,11,HVQFN32,-40 °C to +85 °C,-,N,1.8,3.6,Production,OM13033; OM13014; OM13021; OM13017; OM13018; OM13041; OM13032,,,
LPC11U12FHN33,LPC11U12FHN33/201,Cortex-M0,50,42,16,6,-,26,1,FS,device,-,1,1,2,8,10,-,22,16; 32,1,-,11,HVQFN32,-40 °C to +85 °C,-,-,1.8,3.6,Production,OM13033; OM13014; OM13021; OM13017; OM13018; OM13041; OM13032,,,
LPC11U13FBD48,LPC11U13FBD48,Cortex-M0,50,42,24,6,-,40,1,FS,device,-,1,1,2,8,10,-,22,16; 32,1,-,11,LQFP48,-40 °C to +85 °C,-,N,1.8,3.6,Production,OM13033; OM13014; OM13021; OM13017; OM13018; OM13041; OM13032,,,
LPC11U13FBD48,LPC11U13FBD48/201,Cortex-M0,50,42,24,6,-,40,1,FS,device,-,1,1,2,8,10,-,22,16; 32,1,-,11,LQFP48,-40 °C to +85 °C,-,-,1.8,3.6,Production,OM13033; OM13014; OM13021; OM13017; OM13018; OM13041; OM13032,,,
LPC11U14FBD48,LPC11U14FBD48,Cortex-M0,50,42,32,6,-,40,1,FS,device,-,1,1,2,8,10,-,22,16; 32,1,-,11,LQFP48,-40 °C to +85 °C,-,N,1.8,3.6,Production,OM13033; OM13014; OM13021; OM13017; OM13018; OM13041; OM13032,,,
LPC11U14FBD48,LPC11U14FBD48/201,Cortex-M0,50,42,32,6,-,40,1,FS,device,-,1,1,2,8,10,-,22,16; 32,1,-,11,LQFP48,-40 °C to +85 °C,-,-,1.8,3.6,Production,OM13033; OM13014; OM13021; OM13017; OM13018; OM13041; OM13032,,,
LPC11U14FET48,LPC11U14FET48,Cortex-M0,50,42,32,6,-,40,1,FS,device,-,1,1,2,8,10,-,22,16; 32,1,-,11,TFBGA48,-40 °C to +85 °C,-,N,1.8,3.6,Production,OM13033; OM13014; OM13021; OM13017; OM13018; OM13041; OM13032,,,
LPC11U14FET48,LPC11U14FET48/201,Cortex-M0,50,42,32,6,-,40,1,FS,device,-,1,1,2,8,10,-,22,16; 32,1,-,11,TFBGA48,-40 °C to +85 °C,-,-,1.8,3.6,Production,OM13033; OM13014; OM13021; OM13017; OM13018; OM13041; OM13032,,,
LPC11U14FHI33,LPC11U14FHI33,Cortex-M0,50,42,32,6,-,26,1,FS,device,-,1,1,2,8,10,-,22,16; 32,1,-,11,HVQFN32,-40 °C to +85 °C,-,N,1.8,3.6,Production,OM13033; OM13021; OM13041; OM13032,,,
LPC11U14FHI33,LPC11U14FHI33/201,Cortex-M0,50,42,32,6,-,26,1,FS,device,-,1,1,2,8,10,-,22,16; 32,1,-,11,HVQFN32,-40 °C to +85 °C,-,-,1.8,3.6,Production,OM13033; OM13021; OM13041; OM13032,,,
LPC11U14FHN33,LPC11U14FHN33,Cortex-M0,50,42,32,6,-,26,1,FS,device,-,1,1,2,8,10,-,22,16; 32,1,-,11,HVQFN32,-40 °C to +85 °C,-,N,1.8,3.6,Production,OM13033; OM13014; OM13021; OM13017; OM13041; OM13032,,,
LPC11U14FHN33,LPC11U14FHN33/201,Cortex-M0,50,42,32,6,-,26,1,FS,device,-,1,1,2,8,10,-,22,16; 32,1,-,11,HVQFN32,-40 °C to +85 °C,-,-,1.8,3.6,Production,OM13033; OM13014; OM13021; OM13017; OM13041; OM13032,,,
LPC11U22FBD48,LPC11U22FBD48,Cortex-M0,50,42,16,2,1,40,1,FS,device,-,1,1,2,8,10,-,22,16; 32,1,-,11,LQFP48,-40 °C to +85 °C,-,N,1.8,3.6,Production,-,,,
LPC11U22FBD48,LPC11U22FBD48/301,Cortex-M0,50,42,16,2,1,40,1,FS,device,-,1,1,2,8,10,-,22,16; 32,1,-,11,LQFP48,-40 °C to +85 °C,-,-,1.8,3.6,Production,-,,,
LPC11U23FBD48,LPC11U23FBD48,Cortex-M0,50,42,24,2,1,40,1,FS,device,-,1,1,2,8,10,-,22,16; 32,1,-,11,LQFP48,-40 °C to +85 °C,-,N,1.8,3.6,Production,OM13033; OM13041; OM13032,,,
LPC11U23FBD48,LPC11U23FBD48/301,Cortex-M0,50,42,24,2,1,40,1,FS,device,-,1,1,2,8,10,-,22,16; 32,1,-,11,LQFP48,-40 °C to +85 °C,-,-,1.8,3.6,Production,OM13033; OM13041; OM13032,,,
LPC11U24FBD48,LPC11U24FBD48,Cortex-M0,50,42,32,2,2,40,1,FS,device,-,1,1,2,8,10,-,22,16; 32,1,-,11,LQFP48,-40 °C to +85 °C,-,N,1.8,3.6,Production,OM13033; OM13041; OM13032; OM13066,,,
LPC11U24FBD48,LPC11U24FBD48/301,Cortex-M0,50,42,32,2,2,40,1,FS,device,-,1,1,2,8,10,-,22,16; 32,1,-,11,LQFP48,-40 °C to +85 °C,-,-,1.8,3.6,Production,OM13033; OM13041; OM13032; OM13066,,,
LPC11U24FBD48,LPC11U24FBD48/401,Cortex-M0,50,42,32,2,2,40,1,FS,device,-,1,1,2,8,10,-,22,16; 32,1,-,11,LQFP48,-40 °C to +85 °C,-,-,1.8,3.6,Production,OM13033; OM13041; OM13032; OM13066,,,
LPC11U24FBD64,LPC11U24FBD64,Cortex-M0,50,42,32,2,4,54,1,FS,device,-,1,1,2,8,10,-,22,16; 32,1,-,11,LQFP64,-40 °C to +85 °C,-,N,1.8,3.6,Production,OM13033; OM13041; OM13032; OM13066,,,
LPC11U24FBD64,LPC11U24FBD64/401,Cortex-M0,50,42,32,2,4,54,1,FS,device,-,1,1,2,8,10,-,22,16; 32,1,-,11,LQFP64,-40 °C to +85 °C,-,-,1.8,3.6,Production,OM13033; OM13041; OM13032; OM13066,,,
LPC11U24FET48,LPC11U24FET48,Cortex-M0,50,42,32,2,2,40,1,FS,device,-,1,1,2,8,10,-,22,16; 32,1,-,11,TFBGA48,-40 °C to +85 °C,-,N,1.8,3.6,Production,OM13033; OM13041; OM13032; OM13066,,,
LPC11U24FET48,LPC11U24FET48/301,Cortex-M0,50,42,32,2,2,40,1,FS,device,-,1,1,2,8,10,-,22,16; 32,1,-,11,TFBGA48,-40 °C to +85 °C,-,-,1.8,3.6,Production,OM13033; OM13041; OM13032; OM13066,,,
LPC11U24FHI33,LPC11U24FHI33,Cortex-M0,50,42,32,2,2,26,1,FS,device,-,1,1,2,8,10,-,22,16; 32,1,-,11,HVQFN32,-40 °C to +85 °C,-,N,1.8,3.6,Production,OM13033; OM13041; OM13032,,,
LPC11U24FHI33,LPC11U24FHI33/301,Cortex-M0,50,42,32,2,2,26,1,FS,device,-,1,1,2,8,10,-,22,16; 32,1,-,11,HVQFN32,-40 °C to +85 °C,-,-,1.8,3.6,Production,OM13033; OM13041; OM13032,,,
LPC11U24FHN33,LPC11U24FHN33,Cortex-M0,50,42,32,2,4,26,1,FS,device,-,1,1,2,8,10,-,22,16; 32,1,-,11,HVQFN32,-40 °C to +85 °C,-,N,1.8,3.6,Production,OM13033; OM13041; OM13032,,,
LPC11U24FHN33,LPC11U24FHN33/401,Cortex-M0,50,42,32,2,4,26,1,FS,device,-,1,1,2,8,10,-,22,16; 32,1,-,11,HVQFN32,-40 °C to +85 °C,-,-,1.8,3.6,Production,OM13033; OM13041; OM13032,,,
LPC11U34FBD48,LPC11U34FBD48,Cortex-M0,50,42,40,10,4,40,1,FS,device,-,1,1,2,8,10,-,22,16; 32,1,-,11,LQFP48,-40 °C to +85 °C,-,N,1.8,3.6,Production,OM13033; OM13041; OM13032,,,
LPC11U34FBD48,LPC11U34FBD48/311,Cortex-M0,50,42,40,10,4,40,1,FS,device,-,1,1,2,8,10,-,22,16; 32,1,-,11,LQFP48,-40 °C to +85 °C,-,-,1.8,3.6,Production,OM13033; OM13041; OM13032,,,
LPC11U34FBD48,LPC11U34FBD48/421,Cortex-M0,50,42,40,10,4,40,1,FS,device,-,1,1,2,8,10,-,22,16; 32,1,-,11,LQFP48,-40 °C to +85 °C,-,-,1.8,3.6,Production,OM13033; OM13041; OM13032,,,
LPC11U34FHN33,LPC11U34FHN33,Cortex-M0,50,42,40,10,4,26,1,FS,device,-,1,1,2,8,10,-,22,16; 32,1,-,11,HVQFN32,-40 °C to +85 °C,-,N,1.8,3.6,Production,OM13033; OM13041; OM13032,,,
LPC11U34FHN33,LPC11U34FHN33/311,Cortex-M0,50,42,40,10,4,26,1,FS,device,-,1,1,2,8,10,-,22,16; 32,1,-,11,HVQFN32,-40 °C to +85 °C,-,-,1.8,3.6,Production,OM13033; OM13041; OM13032,,,
LPC11U34FHN33,LPC11U34FHN33/421,Cortex-M0,50,42,40,10,4,26,1,FS,device,-,1,1,2,8,10,-,22,16; 32,1,-,11,HVQFN32,-40 °C to +85 °C,-,-,1.8,3.6,Production,OM13033; OM13041; OM13032,,,
LPC11U35FBD48,LPC11U35FBD48,Cortex-M0,50,42,64,10,4,40,1,FS,device,-,1,1,2,8,10,-,22,16; 32,1,-,11,LQFP48,-40 °C to +85 °C,-,N,1.8,3.6,Production,OM13033; OM13041; OM13032,,,
LPC11U35FBD48,LPC11U35FBD48/401,Cortex-M0,50,42,64,10,4,40,1,FS,device,-,1,1,2,8,10,-,22,16; 32,1,-,11,LQFP48,-40 °C to +85 °C,-,-,1.8,3.6,Production,OM13033; OM13041; OM13032,,,
LPC11U35FBD64,LPC11U35FBD64,Cortex-M0,50,42,64,10,4,54,1,FS,device,-,1,1,2,8,10,-,22,16; 32,1,-,11,LQFP64,-40 °C to +85 °C,-,N,1.8,3.6,Production,OM13033; OM13041; OM13032,,,
LPC11U35FBD64,LPC11U35FBD64/401,Cortex-M0,50,42,64,10,4,54,1,FS,device,-,1,1,2,8,10,-,22,16; 32,1,-,11,LQFP64,-40 °C to +85 °C,-,-,1.8,3.6,Production,OM13033; OM13041; OM13032,,,
LPC11U35FET48,LPC11U35FET48,Cortex-M0,50,42,64,12,4,40,1,FS,device,-,1,1,2,8,10,-,22,16; 32,1,-,11,TFBGA48,-40 °C to +85 °C,-,N,1.8,3.6,Production,OM13033; OM13041; OM13032,,,
LPC11U35FET48,LPC11U35FET48/501,Cortex-M0,50,42,64,12,4,40,1,FS,device,-,1,1,2,8,10,-,22,16; 32,1,-,11,TFBGA48,-40 °C to +85 °C,-,-,1.8,3.6,Production,OM13033; OM13041; OM13032,,,
LPC11U35FHI33,LPC11U35FHI33,Cortex-M0,50,42,64,12,4,26,1,FS,device,-,1,1,2,8,10,-,22,16; 32,1,-,11,HVQFN32,-40 °C to +85 °C,-,N,1.8,3.6,Production,OM13033; OM13041; OM13032,,,
LPC11U35FHI33,LPC11U35FHI33/501,Cortex-M0,50,42,64,12,4,26,1,FS,device,-,1,1,2,8,10,-,22,16; 32,1,-,11,HVQFN32,-40 °C to +85 °C,-,-,1.8,3.6,Production,OM13033; OM13041; OM13032,,,
LPC11U35FHI33,LPC11U35FHI33/CP3337,Cortex-M0,50,42,64,12,4,26,1,FS,device,-,1,1,2,8,10,-,22,16; 32,1,-,11,HVQFN32,-40 °C to +85 °C,-,-,1.8,3.6,Production,OM13033; OM13041; OM13032,,,
LPC11U35FHN33,LPC11U35FHN33,Cortex-M0,50,42,64,10,4,26,1,FS,device,-,1,1,2,8,10,-,22,16; 32,1,-,11,HVQFN32,-40 °C to +85 °C,-,N,1.8,3.6,Production,OM13033; OM13041; OM13032,,,
LPC11U35FHN33,LPC11U35FHN33/401,Cortex-M0,50,42,64,10,4,26,1,FS,device,-,1,1,2,8,10,-,22,16; 32,1,-,11,HVQFN32,-40 °C to +85 °C,-,-,1.8,3.6,Production,OM13033; OM13041; OM13032,,,
LPC11U35FHN33,LPC11U35FHN33/501,Cortex-M0,50,42,64,10,4,26,1,FS,device,-,1,1,2,8,10,-,22,16; 32,1,-,11,HVQFN32,-40 °C to +85 °C,-,-,1.8,3.6,Production,OM13033; OM13041; OM13032,,,
LPC11U36FBD48,LPC11U36FBD48,Cortex-M0,50,42,96,10,4,40,1,FS,device,-,1,1,2,8,10,-,22,16; 32,1,-,11,LQFP48,-40 °C to +85 °C,-,N,1.8,3.6,Production,OM13033; OM13041; OM13032,,,
LPC11U36FBD48,LPC11U36FBD48/401,Cortex-M0,50,42,96,10,4,40,1,FS,device,-,1,1,2,8,10,-,22,16; 32,1,-,11,LQFP48,-40 °C to +85 °C,-,-,1.8,3.6,Production,OM13033; OM13041; OM13032,,,
LPC11U36FBD64,LPC11U36FBD64,Cortex-M0,50,42,96,10,4,54,1,FS,device,-,1,1,2,8,10,-,22,16; 32,1,-,11,LQFP64,-40 °C to +85 °C,-,N,1.8,3.6,Production,OM13033; OM13041; OM13032,,,
LPC11U36FBD64,LPC11U36FBD64/401,Cortex-M0,50,42,96,10,4,54,1,FS,device,-,1,1,2,8,10,-,22,16; 32,1,-,11,LQFP64,-40 °C to +85 °C,-,-,1.8,3.6,Production,OM13033; OM13041; OM13032,,,
LPC11U37FBD48,LPC11U37FBD48,Cortex-M0,50,42,128,10,4,40,1,FS,device,-,1,1,2,8,10,-,22,16; 32,1,-,11,LQFP48,-40 °C to +85 °C,-,N,1.8,3.6,Production,OM13033; OM13041; OM13032,,,
LPC11U37FBD48,LPC11U37FBD48/401,Cortex-M0,50,42,128,10,4,40,1,FS,device,-,1,1,2,8,10,-,22,16; 32,1,-,11,LQFP48,-40 °C to +85 °C,-,-,1.8,3.6,Production,OM13033; OM13041; OM13032,,,
LPC11U37FBD48,LPC11U37FBD48/501,Cortex-M0,50,42,128,10,4,40,1,FS,device,-,1,1,2,8,10,-,22,16; 32,1,-,11,LQFP48,-40 °C to +85 °C,-,-,1.8,3.6,Production,OM13033; OM13041; OM13032,,,
LPC11U37FBD64,LPC11U37FBD64,Cortex-M0,50,42,128,12,4,54,1,FS,device,-,1,1,2,8,10,-,22,16; 32,1,-,11,LQFP64,-40 °C to +85 °C,-,N,1.8,3.6,Production,OM13033; OM13041; OM13032,,,
LPC11U37FBD64,LPC11U37FBD64/401,Cortex-M0,50,42,128,12,4,54,1,FS,device,-,1,1,2,8,10,-,22,16; 32,1,-,11,LQFP64,-40 °C to +85 °C,-,-,1.8,3.6,Production,OM13033; OM13041; OM13032,,,
LPC11U37HFBD64,LPC11U37HFBD64,Cortex-M0,50,42,128,12,4,54,1,FS,device,-,1,1,2,8,10,-,22,16; 32,1,-,11,LQFP64,-40 °C to +85 °C,-,Y,1.8,3.6,Production,OM13062; OM13074,,,
LPC11U37HFBD64,LPC11U37HFBD64/401,Cortex-M0,50,42,128,12,4,54,1,FS,device,-,1,1,2,8,10,-,22,16; 32,1,-,11,LQFP64,-40 °C to +85 °C,-,-,1.8,3.6,Production,OM13062; OM13074,,,
LPC11U66JBD48,LPC11U66JBD48,Cortex-M0+,50,42,64,12,4,34,1,FS,device,-,3,2,-,8,12,-,6,32,2,-,19,LQFP48,-40 °C to +85 °C,-,N,2.4,3.6,Production,-,,,
LPC11U67JBD100,LPC11U67JBD100,Cortex-M0+,50,42,256,20,-,80,1,FS,device,-,5,2,-,12,12,-,6,32,2,-,19,LQFP100,-40 °C to +85 °C,-,N,2.4,3.6,Production,-,,,
LPC11U67JBD48,LPC11U67JBD48,Cortex-M0+,50,42,128,20,4,34,1,FS,device,-,3,2,-,8,12,-,6,32,2,-,19,LQFP48,-40 °C to +85 °C,-,N,2.4,3.6,Production,OM13058; OM13065,,,
LPC11U67JBD64,LPC11U67JBD64,Cortex-M0+,50,42,256,20,4,48,1,FS,device,-,3,2,-,10,12,-,6,32,2,-,19,LQFP64,-40 °C to +85 °C,-,N,2.4,3.6,Production,-,,,
LPC11U68JBD100,LPC11U68JBD100,Cortex-M0+,50,42,256,36,-,80,1,FS,device,-,5,2,-,12,12,-,6,32,2,-,19,LQFP100,-40 °C to +85 °C,-,N,2.4,3.6,Production,OM13058; OM13065,,,
LPC11U68JBD48,LPC11U68JBD48,Cortex-M0+,50,42,256,36,4,34,1,FS,device,-,3,2,-,8,12,-,6,32,2,-,19,LQFP48,-40 °C to +85 °C,-,N,1.8,3.6,Production,OM13058; OM13065,,,
LPC11U68JBD64,LPC11U68JBD64,Cortex-M0+,50,42,256,36,4,48,1,FS,device,-,3,2,-,10,12,-,6,32,2,-,19,LQFP64,-40 °C to +85 °C,-,N,1.8,3.6,Production,OM13058; OM13065,,,
LPC1224FBD48,LPC1224FBD48,Cortex-M0,30,25,32,4,-,39,-,-,-,-,2,1,1,8,10,-,22,16; 32,1,1,13,LQFP48,-40 °C to +85 °C,-,N,3,3.6,Production,OM13008; OM13013; OM13011,,,
LPC1224FBD48,LPC1224FBD48/101,Cortex-M0,30,25,32,4,-,39,-,-,-,-,2,1,1,8,10,-,22,16; 32,-,1,-,LQFP48,-40 °C to +85 °C,-,-,3,3.6,Production,OM13008; OM13013; OM13011,,,
LPC1224FBD48,LPC1224FBD48/121,Cortex-M0,30,25,32,4,-,39,-,-,-,-,2,1,1,8,10,-,22,16; 32,-,1,-,LQFP48,-40 °C to +85 °C,-,-,3,3.6,Production,OM13008; OM13013; OM13011,,,
LPC1224FBD64,LPC1224FBD64,Cortex-M0,30,25,32,4,-,55,-,-,-,-,2,1,1,8,10,-,22,16; 32,1,1,13,LQFP64,-40 °C to +85 °C,-,N,3,3.6,Production,OM13008; OM13013; OM13011,,,
LPC1224FBD64,LPC1224FBD64/101,Cortex-M0,30,25,32,4,-,55,-,-,-,-,2,1,1,8,10,-,22,16; 32,-,1,-,LQFP64,-40 °C to +85 °C,-,-,3,3.6,Production,OM13008; OM13013; OM13011,,,
LPC1224FBD64,LPC1224FBD64/121,Cortex-M0,30,25,32,4,-,55,-,-,-,-,2,1,1,8,10,-,22,16; 32,-,1,-,LQFP64,-40 °C to +85 °C,-,-,3,3.6,Production,OM13008; OM13013; OM13011,,,
LPC1225FBD48,LPC1225FBD48,Cortex-M0,30,25,64,8,-,39,-,-,-,-,2,1,1,8,10,-,22,16; 32,1,1,13,LQFP48,-40 °C to +85 °C,-,N,3,3.6,Production,OM13008; OM13013; OM13011,,,
LPC1225FBD48,LPC1225FBD48/301,Cortex-M0,30,25,64,8,-,39,-,-,-,-,2,1,1,8,10,-,22,16; 32,-,1,-,LQFP48,-40 °C to +85 °C,-,-,3,3.6,Production,OM13008; OM13013; OM13011,,,
LPC1225FBD48,LPC1225FBD48/321,Cortex-M0,30,25,64,8,-,39,-,-,-,-,2,1,1,8,10,-,22,16; 32,-,1,-,LQFP48,-40 °C to +85 °C,-,-,3,3.6,Production,OM13008; OM13013; OM13011,,,
LPC1225FBD64,LPC1225FBD64,Cortex-M0,30,25,80,8,-,55,-,-,-,-,2,1,1,8,10,-,22,16; 32,1,1,13,LQFP64,-40 °C to +85 °C,-,N,3,3.6,Production,OM13008; OM13013; OM13011,,,
LPC1225FBD64,LPC1225FBD64/301,Cortex-M0,30,25,80,8,-,55,-,-,-,-,2,1,1,8,10,-,22,16; 32,-,1,-,LQFP64,-40 °C to +85 °C,-,-,3,3.6,Production,OM13008; OM13013; OM13011,,,
LPC1225FBD64,LPC1225FBD64/321,Cortex-M0,30,25,80,8,-,55,-,-,-,-,2,1,1,8,10,-,22,16; 32,-,1,-,LQFP64,-40 °C to +85 °C,-,-,3,3.6,Production,OM13008; OM13013; OM13011,,,
LPC1226FBD48,LPC1226FBD48,Cortex-M0,30,25,96,8,-,39,-,-,-,-,2,1,1,8,10,-,22,16; 32,1,1,13,LQFP48,-40 °C to +85 °C,-,N,3,3.6,Production,OM13008; OM13013; OM13011,,,
LPC1226FBD48,LPC1226FBD48/301,Cortex-M0,30,25,96,8,-,39,-,-,-,-,2,1,1,8,10,-,22,16; 32,-,1,-,LQFP48,-40 °C to +85 °C,-,-,3,3.6,Production,OM13008; OM13013; OM13011,,,
LPC1226FBD64,LPC1226FBD64,Cortex-M0,30,25,96,8,-,55,-,-,-,-,2,1,1,8,10,-,22,16; 32,1,1,13,LQFP64,-40 °C to +85 °C,-,N,3,3.6,Production,OM13008; OM13013; OM13011,,,
LPC1226FBD64,LPC1226FBD64/301,Cortex-M0,30,25,96,8,-,55,-,-,-,-,2,1,1,8,10,-,22,16; 32,-,1,-,LQFP64,-40 °C to +85 °C,-,-,3,3.6,Production,OM13008; OM13013; OM13011,,,
LPC1227FBD48,LPC1227FBD48,Cortex-M0,30,25,128,8,-,39,-,-,-,-,2,1,1,8,10,-,22,16; 32,1,1,13,LQFP48,-40 °C to +85 °C,-,N,3,3.6,Production,OM13008; OM13013; OM13011,,,
LPC1227FBD48,LPC1227FBD48/301,Cortex-M0,30,25,128,8,-,39,-,-,-,-,2,1,1,8,10,-,22,16; 32,-,1,-,LQFP48,-40 °C to +85 °C,-,-,3,3.6,Production,OM13008; OM13013; OM13011,,,
LPC1227FBD64,LPC1227FBD64,Cortex-M0,30,25,128,8,-,55,-,-,-,-,2,1,1,8,10,-,22,16; 32,1,1,13,LQFP64,-40 °C to +85 °C,-,N,3,3.6,Production,OM13008; OM13013; OM13011,,,
LPC1227FBD64,LPC1227FBD64/301,Cortex-M0,30,25,128,8,-,55,-,-,-,-,2,1,1,8,10,-,22,16; 32,-,1,-,LQFP64,-40 °C to +85 °C,-,-,3,3.6,Production,OM13008; OM13013; OM13011,,,
LPC12D27FBD100,LPC12D27FBD100,Cortex-M0,30,25,128,8,-,40,-,-,-,-,2,1,1,8,10,-,22,16; 32,1,1,13,LQFP100,-40 °C to +85 °C,-,N,3,3.6,Production,-,,,
LPC12D27FBD100,LPC12D27FBD100/301,Cortex-M0,30,25,128,8,-,40,-,-,-,-,2,1,1,8,10,-,22,16; 32,-,1,-,LQFP100,-40 °C to +85 °C,-,-,3,3.6,Production,-,,,
LPC810M021FN8,LPC810M021FN8,Cortex-M0+,30,28,4,1,-,6,-,-,-,-,2,1,1,0,0,1,22,16; 32,1,-,4,DIP8,-40 °C to +85 °C,-,N,1.8,3.6,Production,OM13053,,,
LPC811M001JDH16,LPC811M001JDH16,Cortex-M0+,30,28,8,2,-,14,-,-,-,-,2,1,1,0,0,1,22,16; 32,1,-,4,TSSOP16,-40 °C to +105 °C,-,N,1.8,3.6,Production,OM13053,,,
LPC812M101JD20,LPC812M101JD20,Cortex-M0+,30,28,16,4,-,18,-,-,-,-,2,1,1,0,0,1,22,16; 32,1,-,4,SO20,-40 °C to +105 °C,-,N,1.8,3.6,Production,OM13069; OM13055,,,
LPC812M101JDH16,LPC812M101JDH16,Cortex-M0+,30,28,16,4,-,14,-,-,-,-,3,1,2,0,0,1,22,16; 32,1,-,4,TSSOP16,-40 °C to +105 °C,-,N,1.8,3.6,Production,OM13069; OM13055,,,
LPC812M101JDH20,LPC812M101JDH20,Cortex-M0+,30,28,16,4,-,18,-,-,-,-,3,1,2,0,0,1,22,16; 32,1,-,4,TSSOP20,-40 °C to +105 °C,-,N,1.8,3.6,Production,OM13069; OM13055,,,
LPC812M101JTB16,LPC812M101JTB16,Cortex-M0+,30,28,16,4,-,14,-,-,-,-,3,1,2,0,0,1,22,16; 32,1,-,4,XSON16,-40 °C to +105 °C,-,N,1.8,3.6,Production,OM13069; OM13055,,,
LPC822M101JDH20,LPC822M101JDH20,Cortex-M0+,30,28,16,4,-,16,-,-,-,-,3,4,2,5,12,1,21,16; 32,1,-,1,TSSOP20,-40 °C to +105 °C,-,N,1.8,3.6,Production,OM13071; OM13081,,,
LPC822M101JHI33,LPC822M101JHI33,Cortex-M0+,30,28,16,4,-,29,-,-,-,-,3,4,2,12,12,1,21,16; 32,1,-,1,HVQFN32,-40 °C to +105 °C,-,N,1.8,3.6,Production,OM13071; OM13081,,,
LPC824M201JDH20,LPC824M201JDH20,Cortex-M0+,30,28,32,8,-,16,-,-,-,-,3,4,2,5,12,1,21,16; 32,1,-,1,TSSOP20,-40 °C to +105 °C,-,N,1.8,3.6,Production,OM13071; OM13081,,,
LPC824M201JHI33,LPC824M201JHI33,Cortex-M0+,30,28,32,8,-,29,-,-,-,-,3,4,2,12,12,1,21,16; 32,1,-,4,HVQFN32,-40 °C to +105 °C,-,N,1.8,3.6,Production,OM13071; OM13081,,,
LPC1311FHN33,LPC1311FHN33,Cortex-M3,72,90,8,4,0,28,0,-,-,1,1,1,8,10,22,16; 32,HVQFN32,-40 °C to +85 °C,2,3.6,Production,OM11039; OM11040; OM11048,,,,,,,,,,
LPC1311FHN33,LPC1311FHN33/01,Cortex-M3,72,90,8,4,0,28,0,-,-,1,1,1,8,10,22,16; 32,HVQFN32,-40 °C to +85 °C,2,3.6,Production,OM11039; OM11040; OM11048,,,,,,,,,,
LPC1313FBD48,LPC1313FBD48,Cortex-M3,72,90,32,8,0,42,0,-,-,1,1,1,8,10,22,16; 32,LQFP48,-40 °C to +85 °C,2,3.6,Production,OM11039; OM11040; OM11048,,,,,,,,,,
LPC1313FBD48,LPC1313FBD48/01,Cortex-M3,72,90,32,8,0,42,0,-,-,1,1,1,8,10,22,16; 32,LQFP48,-40 °C to +85 °C,2,3.6,Production,OM11039; OM11040; OM11048,,,,,,,,,,
LPC1313FHN33,LPC1313FHN33,Cortex-M3,72,90,32,8,0,28,0,-,-,1,1,1,8,10,22,16; 32,HVQFN32,-40 °C to +85 °C,2,3.6,Production,OM11039; OM11040; OM11048,,,,,,,,,,
LPC1313FHN33,LPC1313FHN33/01,Cortex-M3,72,90,32,8,0,28,0,-,-,1,1,1,8,10,22,16; 32,HVQFN32,-40 °C to +85 °C,2,3.6,Production,OM11039; OM11040; OM11048,,,,,,,,,,
LPC1315FBD48,LPC1315FBD48,Cortex-M3,72,90,32,8,2,40,0,-,-,1,1,2,8,12,22,16; 32,LQFP48,-40 °C to +85 °C,2,3.6,Production,OM13034,,,,,,,,,,
LPC1315FHN33,LPC1315FHN33,Cortex-M3,72,90,32,8,2,28,0,-,-,1,1,2,8,12,22,16; 32,HVQFN32,-40 °C to +85 °C,2,3.6,Production,OM13034,,,,,,,,,,
LPC1316FBD48,LPC1316FBD48,Cortex-M3,72,90,48,8,4,40,0,-,-,1,1,2,8,12,22,16; 32,LQFP48,-40 °C to +85 °C,2,3.6,Production,OM13034,,,,,,,,,,
LPC1316FHN33,LPC1316FHN33,Cortex-M3,72,90,48,8,4,28,0,-,-,1,1,2,8,12,22,16; 32,HVQFN32,-40 °C to +85 °C,2,3.6,Production,OM13034,,,,,,,,,,
LPC1317FBD48,LPC1317FBD48,Cortex-M3,72,90,64,10,4,40,0,-,-,1,1,2,8,12,22,16; 32,LQFP48,-40 °C to +85 °C,2,3.6,Production,OM13034,,,,,,,,,,
LPC1317FBD64,LPC1317FBD64,Cortex-M3,72,90,64,10,4,51,0,-,-,1,1,2,8,12,22,16; 32,LQFP64,-40 °C to +85 °C,2,3.6,Production,OM13034,,,,,,,,,,
LPC1317FHN33,LPC1317FHN33,Cortex-M3,72,90,64,10,4,28,0,-,-,1,1,2,8,12,22,16; 32,HVQFN32,-40 °C to +85 °C,2,3.6,Production,OM13034,,,,,,,,,,
LPC1342FBD48,LPC1342FBD48,Cortex-M3,72,90,16,4,0,40,1,FS,device,1,1,1,8,10,22,16; 32,LQFP48,-40 °C to +85 °C,2,3.6,Production,OM11039; OM11040; OM11048,,,,,,,,,,
LPC1342FHN33,LPC1342FHN33,Cortex-M3,72,90,16,4,0,28,1,FS,device,1,1,1,8,10,22,16; 32,HVQFN32,-40 °C to +85 °C,2,3.6,Production,OM11039; OM11040; OM11048,,,,,,,,,,
LPC1343FBD48,LPC1343FBD48,Cortex-M3,72,90,32,8,0,40,1,FS,device,1,1,1,8,10,22,16; 32,LQFP48,-40 °C to +85 °C,2,3.6,Production,OM11039; OM11040; OM11048,,,,,,,,,,
LPC1343FHN33,LPC1343FHN33,Cortex-M3,72,90,32,8,0,28,1,FS,device,1,1,1,8,10,22,16; 32,HVQFN32,-40 °C to +85 °C,2,3.6,Production,OM11039; OM11040; OM11048,,,,,,,,,,
LPC1345FBD48,LPC1345FBD48,Cortex-M3,72,90,32,10,2,40,1,FS,device,1,1,2,8,12,22,16; 32,LQFP48,-40 °C to +85 °C,2,3.6,Production,OM13034,,,,,,,,,,
LPC1345FHN33,LPC1345FHN33,Cortex-M3,72,90,32,10,2,26,1,FS,device,1,1,2,8,12,22,16; 32,HVQFN32,-40 °C to +85 °C,2,3.6,Production,OM13034,,,,,,,,,,
LPC1346FBD48,LPC1346FBD48,Cortex-M3,72,90,48,10,4,40,1,FS,device,1,1,2,8,12,22,16; 32,LQFP48,-40 °C to +85 °C,2,3.6,Production,OM13034,,,,,,,,,,
LPC1346FHN33,LPC1346FHN33,Cortex-M3,72,90,48,10,4,26,1,FS,device,1,1,2,8,12,22,16; 32,HVQFN32,-40 °C to +85 °C,2,3.6,Production,OM13034,,,,,,,,,,
LPC1347FBD48,LPC1347FBD48,Cortex-M3,72,90,64,12,4,40,1,FS,device,1,1,2,8,12,22,16; 32,LQFP48,-40 °C to +85 °C,2,3.6,Production,OM13034; OM13045,,,,,,,,,,
LPC1347FBD64,LPC1347FBD64,Cortex-M3,72,90,64,12,4,51,1,FS,device,1,1,2,8,12,22,16; 32,LQFP64,-40 °C to +85 °C,2,3.6,Production,OM13034; OM13045,,,,,,,,,,
LPC1347FHN33,LPC1347FHN33,Cortex-M3,72,90,64,12,4,26,1,FS,device,1,1,2,8,12,22,16; 32,HVQFN32,-40 °C to +85 °C,2,3.6,Production,OM13034; OM13045,,,,,,,,,,
LPC1751FBD80,LPC1751FBD80,Cortex-M3,100,125,32,8,-,52,-,1,FS,host/device,1,4,3,1,-,6,12,-,4,32,1,6,1,LQFP80,-40 °C to +85 °C,2.4,3.6,Production,OM11036,,,
LPC1752FBD80,LPC1752FBD80,Cortex-M3,100,125,64,16,-,52,-,1,FS,host/device,1,4,3,1,-,6,12,-,4,32,1,6,1,LQFP80,-40 °C to +85 °C,2.4,3.6,Production,OM11036,,,
LPC1754FBD80,LPC1754FBD80,Cortex-M3,100,125,128,32,-,52,-,1,FS,host/device,1,4,3,1,-,6,12,10,4,32,1,6,1,LQFP80,-40 °C to +85 °C,2.4,3.6,Production,OM11036,,,
LPC1756FBD80,LPC1756FBD80,Cortex-M3,100,125,256,32,-,52,-,2,FS,host/device,2,4,3,1,1,6,12,10,4,32,1,6,1,LQFP80,-40 °C to +85 °C,2.4,3.6,Production,OM11036,,,
LPC1758FBD80,LPC1758FBD80,Cortex-M3,100,125,512,64,-,52,1,1,FS,host/device,2,4,3,1,1,6,12,10,4,32,1,6,1,LQFP80,-40 °C to +85 °C,2.4,3.6,Production,OM11036,,,
LPC1759FBD80,LPC1759FBD80,Cortex-M3,120,150,512,64,-,52,-,1,FS,host/device,2,4,3,1,1,6,12,10,4,32,1,6,1,LQFP80,-40 °C to +85 °C,2.4,3.6,Production,OM11036,,,
LPC1763FBD100,LPC1763FBD100,Cortex-M3,100,125,256,64,-,70,-,-,-,-,-,4,3,1,1,8,12,10,4,32,1,6,1,LQFP100,-40 °C to +85 °C,2.4,3.6,Production,OM11034; OM11035; OM11032; OM11084; OM11043; OM13000,,,
LPC1764FBD100,LPC1764FBD100,Cortex-M3,100,125,128,32,-,70,1,1,FS,host/device,2,4,3,1,-,8,12,-,4,32,1,6,1,LQFP100,-40 °C to +85 °C,2.4,3.6,Production,OM11034; OM11035; OM11032; OM11084; OM11043; OM13000,,,
LPC1765FBD100,LPC1765FBD100,Cortex-M3,100,125,256,64,-,70,-,1,FS,host/device,2,4,3,1,1,8,12,10,4,32,1,6,1,LQFP100,-40 °C to +85 °C,2.4,3.6,Production,OM11034; OM11035; OM11032; OM11084; OM11043; OM13000,,,
LPC1765FET100,LPC1765FET100,Cortex-M3,100,125,256,64,-,70,-,1,FS,host/device,2,4,3,1,1,8,12,10,4,32,1,6,1,TFBGA100,-40 °C to +85 °C,2.4,3.6,Production,OM11034; OM11035; OM11032; OM11084; OM11043; OM13000,,,
LPC1766FBD100,LPC1766FBD100,Cortex-M3,100,125,256,64,-,70,1,1,FS,host/device,2,4,3,1,1,8,12,10,4,32,1,6,1,LQFP100,-40 °C to +85 °C,2.4,3.6,Production,OM11034; OM11035; OM11032; OM11084; OM11043; OM13000,,,
LPC1767FBD100,LPC1767FBD100,Cortex-M3,100,125,512,64,-,70,1,-,-,-,0,4,3,1,1,8,12,10,4,32,1,6,1,LQFP100,-40 °C to +85 °C,2.4,3.6,Production,OM11035; OM11032; OM11084; OM11043; OM13000,,,
LPC1768FBD100,LPC1768FBD100,Cortex-M3,100,125,512,64,-,70,1,1,FS,host/device,2,4,3,1,1,8,12,10,4,32,1,6,1,LQFP100,-40 °C to +85 °C,2.4,3.6,Production,OM11034; OM11035; OM11032; OM11084; OM11043; OM13000,,,
LPC1768FET100,LPC1768FET100,Cortex-M3,100,125,512,64,-,70,1,1,FS,host/device,2,4,3,1,1,8,12,10,4,32,1,6,1,TFBGA100,-40 °C to +85 °C,2.4,3.6,Production,OM11034; OM11035; OM11032; OM11084; OM11043; OM13000,,,
LPC1768UK,LPC1768UK,Cortex-M3,100,125,512,64,-,70,1,1,FS,host/device,2,4,3,1,1,8,12,10,4,32,1,6,1,WLCSP,-40 °C to +85 °C,2.4,3.6,Qualification,-,,,
LPC1769FBD100,LPC1769FBD100,Cortex-M3,120,150,512,64,-,70,1,1,FS,host/device,2,4,2,1,1,8,12,10,4,32,1,6,1,LQFP100,-40 °C to +85 °C,2.4,3.6,Production,OM11035; OM11084; OM13085; OM11043; OM13000,,,
LPC1774FBD144,LPC1774FBD144,Cortex-M3,120,150,128,40,2,109,-,1,FS,host/device,2,4,3,-,1,8,12,10,4,32,1,6,1,LQFP144,-40 °C to +85 °C,2.4,3.6,Production,OM13020; OM13001,,,
LPC1774FBD208,LPC1774FBD208,Cortex-M3,120,150,128,40,2,165,-,1,FS,host/device,2,5,3,-,1,8,12,10,4,32,1,6,1,LQFP208,-40 °C to +85 °C,2.4,3.6,Production,OM13020; OM13001,,,
LPC1776FBD208,LPC1776FBD208,Cortex-M3,120,150,256,80,4,165,1,1,FS,host/device,2,5,3,-,1,8,12,10,4,32,1,6,1,LQFP208,-40 °C to +85 °C,2.4,3.6,Production,OM13020; OM13001,,,
LPC1776FET180,LPC1776FET180,Cortex-M3,120,150,256,80,4,141,1,1,FS,host/device,2,5,3,-,1,8,12,10,4,32,1,6,1,TFBGA180,-40 °C to +85 °C,2.4,3.6,Production,OM13020; OM13001,,,
LPC1777FBD208,LPC1777FBD208,Cortex-M3,120,150,512,96,4,165,-,1,FS,host/device,2,5,3,-,1,8,12,10,4,32,1,6,1,LQFP208,-40 °C to +85 °C,2.4,3.6,Production,OM13020; OM13001,,,
LPC1778FBD144,LPC1778FBD144,Cortex-M3,120,150,512,96,4,109,1,1,FS,host/device,2,5,3,-,1,8,12,10,4,32,1,6,1,LQFP144,-40 °C to +85 °C,2.4,3.6,Production,OM13020; OM13001,,,
LPC1778FBD208,LPC1778FBD208,Cortex-M3,120,150,512,96,4,165,1,1,FS,host/device,2,5,3,-,1,8,12,10,4,32,1,6,1,LQFP208,-40 °C to +85 °C,2.4,3.6,Production,OM13020; OM13001,,,
LPC1778FET180,LPC1778FET180,Cortex-M3,120,150,512,96,4,141,1,1,FS,host/device,2,5,3,-,1,8,12,10,4,32,1,6,1,TFBGA180,-40 °C to +85 °C,2.4,3.6,Production,OM13020; OM13001,,,
LPC1778FET208,LPC1778FET208,Cortex-M3,120,150,512,96,4,165,1,1,FS,host/device,2,5,3,-,1,8,12,10,4,32,1,6,1,TFBGA208,-40 °C to +85 °C,2.4,3.6,Production,OM13020; OM13001,,,
LPC1785FBD208,LPC1785FBD208,Cortex-M3,120,150,256,80,4,165,-,1,FS,host/device,2,5,3,-,1,8,12,10,4,32,1,6,0,LQFP208,-40 °C to +85 °C,2.4,3.6,Production,OM13020; OM13001,,,
LPC1786FBD208,LPC1786FBD208,Cortex-M3,120,150,256,80,4,165,1,1,FS,host/device,2,5,3,-,1,8,12,10,4,32,1,6,1,LQFP208,-40 °C to +85 °C,2.4,3.6,Production,OM13020; OM13001,,,
LPC1787FBD208,LPC1787FBD208,Cortex-M3,120,150,512,96,4,165,-,1,FS,host/device,2,5,3,-,1,8,12,10,4,32,1,6,1,LQFP208,-40 °C to +85 °C,2.4,3.6,Production,OM13019; OM13020; OM13001,,,
LPC1788FBD144,LPC1788FBD144,Cortex-M3,120,150,512,96,4,109,1,1,FS,host/device,2,5,3,-,1,8,12,10,4,32,1,6,1,LQFP144,-40 °C to +85 °C,2.4,3.6,Production,OM13020; OM13001,,,
LPC1788FBD208,LPC1788FBD208,Cortex-M3,120,150,512,96,4,165,1,1,FS,host/device,2,5,3,-,1,8,12,10,4,32,1,6,1,LQFP208,-40 °C to +85 °C,2.4,3.6,Production,OM13020; OM13001,,,
LPC1788FET180,LPC1788FET180,Cortex-M3,120,150,512,96,4,141,1,1,FS,host/device,2,5,3,-,1,8,12,10,4,32,1,6,1,TFBGA180,-40 °C to +85 °C,2.4,3.6,Production,OM13020; OM13001,,,
LPC1788FET208,LPC1788FET208,Cortex-M3,120,150,512,96,4,165,1,1,FS,host/device,2,5,3,-,1,8,12,10,4,32,1,6,1,TFBGA208,-40 °C to +85 °C,2.4,3.6,Production,OM13020; OM13001,,,
LPC18S10FET100,,Cortex-M3,180,225,0,136,0,Y,49,0,0,-,-,0,2,4,2,22,4,10,10,4,32,1,6,TFBGA100,-40 °C to +85 °C,2.4,3.6,Production,-,,,,
LPC18S30FBD144,,Cortex-M3,180,225,0,200,0,Y,83,1,2,HS (2x),host/device,0,2,4,2,22,8,10,10,4,32,1,6,LQFP144,-40 °C to +85 °C,2.4,3.6,Production,-,,,,
LPC18S30FET100,,Cortex-M3,180,225,0,200,0,Y,49,1,2,HS (2x),host/device,0,2,4,2,22,4,10,10,4,32,1,6,TFBGA100,-40 °C to +85 °C,2.4,3.6,Production,-,,,,
LPC18S37JBD144,,Cortex-M3,180,225,0,136,16,Y,83,1,2,HS (2x),host/device,0,2,4,2,22,8,10,10,4,32,1,6,LQFP144,-40 °C to +105 °C,2.4,3.6,Production,OM13076,,,,
LPC18S37JET100,,Cortex-M3,180,225,0,200,16,Y,49,1,2,HS (2x),host/device,0,2,4,2,22,4,10,10,4,32,1,6,TFBGA100,-40 °C to +105 °C,2.4,3.6,Production,OM13076,,,,
LPC18S50FET180,,Cortex-M3,180,225,0,200,0,Y,118,1,2,HS (2x),host/device,1,2,4,2,22,8,10,10,4,32,1,6,TFBGA180,-40 °C to +85 °C,2.4,3.6,Production,-,,,,
LPC18S50FET256,,Cortex-M3,180,225,0,200,0,Y,164,1,2,HS (2x),host/device,1,2,4,2,22,8,10,10,4,32,1,6,LBGA256,-40 °C to +85 °C,2.4,3.6,Production,-,,,,
LPC18S57JBD208,,Cortex-M3,180,225,0,136,16,Y,142,1,2,HS (2x),host/device,0,2,4,2,22,8,10,10,4,32,1,6,LQFP208,-40 °C to +105 °C,2.4,3.6,Production,-,,,,
LPC18S57JET256,,Cortex-M3,180,225,0,136,16,Y,164,1,2,HS (2x),host/device,0,2,4,2,22,8,10,10,4,32,1,6,LBGA256,-40 °C to +105 °C,2.4,3.6,Production,-,,,,
LPC1810FBD144,,Cortex-M3 ,180,225,0,136,0,N ,83,0,0,- ,- ,0,2,4,2,2,- ,8,10,10,4,32,1,1,6,- ,LQFP144 ,-40 °C to +85 °C ,02.04.16,03.06.16,Production ,OM13010; OM13026; OM13039; OM13059; OM13028; OM13061 ,
LPC1810FET100,,Cortex-M3 ,180,225,0,136,0,N ,49,0,0,- ,- ,0,2,4,2,2,- ,4,10,10,4,32,1,- ,6,- ,TFBGA100 ,-40 °C to +85 °C ,02.04.16,03.06.16,Production ,OM13010; OM13026; OM13039; OM13059; OM13028; OM13061 ,
LPC1812JBD144,,Cortex-M3 ,180,225,512,104,16,N ,83,0,0,- ,- ,0,2,4,2,2,- ,8,10,10,4,32,1,1,6,- ,LQFP144 ,-40 °C to +105 °C ,02.04.16,03.06.16,Production ,OM13026; OM13059; OM13028; OM13061 
LPC1812JET100,,Cortex-M3 ,180,225,512,104,16,N ,49,0,0,- ,- ,0,2,4,2,2,- ,4,10,10,4,32,1,1,6,- ,TFBGA100 ,-40 °C to +105 °C ,02.04.16,03.06.16,Production ,OM13026; OM13059; OM13028; OM13061 
LPC1813JBD144,,Cortex-M3 ,180,225,512,104,16,N ,83,0,0,- ,- ,0,2,4,2,2,- ,8,10,10,4,32,1,1,6,- ,LQFP144 ,-40 °C to +105 °C ,02.04.16,03.06.16,Production ,OM13026; OM13059; OM13028; OM13061 
LPC1813JET100,,Cortex-M3 ,180,225,512,104,16,N ,49,0,0,- ,- ,0,2,4,2,2,- ,4,10,10,4,32,1,1,6,- ,TFBGA100 ,-40 °C to +105 °C ,02.04.16,03.06.16,Production ,OM13026; OM13059; OM13028; OM13061 
LPC1815JBD144,,Cortex-M3 ,180,225,768,136,16,N ,83,0,0,- ,- ,0,2,4,2,2,- ,8,10,10,4,32,1,1,6,- ,LQFP144 ,-40 °C to +105 °C ,02.04.16,03.06.16,Production ,OM13026; OM13059; OM13028; OM13061 
LPC1815JET100,,Cortex-M3 ,180,225,768,136,16,N ,49,0,0,- ,- ,0,2,4,2,2,- ,4,10,10,4,32,1,1,6,- ,TFBGA100 ,-40 °C to +105 °C ,02.04.16,03.06.16,Production ,OM13026; OM13059; OM13028; OM13061 
LPC1817JBD144,,Cortex-M3 ,180,225,1024,136,16,N ,83,0,0,- ,- ,0,2,4,2,2,- ,8,10,10,4,32,1,1,6,- ,LQFP144 ,-40 °C to +105 °C ,02.04.16,03.06.16,Production ,OM13026; OM13059; OM13028 
LPC1817JET100,,Cortex-M3 ,180,225,1024,136,16,N ,49,0,0,- ,- ,0,2,4,2,2,- ,4,10,10,4,32,1,1,6,- ,TFBGA100 ,-40 °C to +105 °C ,02.04.16,03.06.16,Production ,OM13026; OM13059; OM13028; OM13061 
LPC1820FBD144,,Cortex-M3 ,180,225,0,168,0,N ,83,0,1,HS ,host/device ,0,2,4,3,2,- ,8,10,10,4,32,1,1,6,- ,LQFP144 ,-40 °C to +85 °C ,02.04.16,03.06.16,Production ,OM13010; OM13026; OM13039; OM13059; OM13028; OM13061 ,
LPC1820FET100,,Cortex-M3 ,180,225,0,168,0,N ,49,0,1,HS ,host/device ,0,2,4,2,2,1,4,10,10,4,32,1,1,6,- ,TFBGA100 ,-40 °C to +85 °C ,02.04.16,03.06.16,Production ,OM13010; OM13026; OM13039; OM13059; OM13028; OM13061 
LPC1822JBD144,,Cortex-M3 ,180,225,512,104,16,N ,83,0,1,HS ,host/device ,0,2,4,2,2,- ,8,10,10,4,32,1,1,6,- ,LQFP144 ,-40 °C to +105 °C ,02.04.16,03.06.16,Production ,OM13026; OM13059; OM13028; OM13061 ,
LPC1822JET100,,Cortex-M3 ,180,225,512,104,16,N ,49,0,1,HS ,host/device ,0,2,4,2,2,- ,4,10,10,4,32,1,1,6,- ,TFBGA100 ,-40 °C to +105 °C ,02.04.16,03.06.16,Production ,OM13026; OM13059; OM13028; OM13061 ,
LPC1823JBD144,,Cortex-M3 ,180,225,512,104,16,N ,83,0,1,HS ,host/device ,0,2,4,2,2,- ,8,10,10,4,32,1,1,6,- ,LQFP144 ,-40 °C to +105 °C ,02.04.16,03.06.16,Production ,OM13026; OM13059; OM13028; OM13061 ,
LPC1823JET100,,Cortex-M3 ,180,225,512,104,16,N ,49,0,1,HS ,host/device ,0,2,4,2,2,1,4,10,10,4,32,1,1,6,- ,TFBGA100 ,-40 °C to +105 °C ,02.04.16,03.06.16,Production ,OM13026; OM13059; OM13028; OM13061 ,
LPC1825JBD144,,Cortex-M3 ,180,225,768,136,16,N ,83,0,1,HS ,host/device ,0,2,4,2,2,- ,8,10,10,4,32,1,1,6,- ,LQFP144 ,-40 °C to +105 °C ,02.04.16,03.06.16,Production ,OM13026; OM13059; OM13028; OM13061 
LPC1825JET100,,Cortex-M3 ,180,225,768,136,16,N ,49,0,1,HS ,host/device ,0,2,4,2,2,- ,4,10,10,4,32,1,1,6,- ,TFBGA100 ,-40 °C to +105 °C ,02.04.16,03.06.16,Production ,OM13026; OM13059; OM13028 ,
LPC1827JBD144,,Cortex-M3 ,180,225,1024,136,16,N ,83,0,1,HS ,host/device ,0,2,4,2,2,- ,8,10,10,4,32,1,1,6,- ,LQFP144 ,-40 °C to +105 °C ,02.04.16,03.06.16,Production ,OM13026; OM13059; OM13028; OM13061 
LPC1827JET100,,Cortex-M3 ,180,225,1024,136,16,N ,49,0,1,HS ,host/device ,0,2,4,2,2,- ,4,10,10,4,32,1,1,6,- ,TFBGA100 ,-40 °C to +105 °C ,02.04.16,03.06.16,Production ,OM13026; OM13059; OM13028; OM13061 ,
LPC1830FBD14,,Cortex-M3 ,180,225,0,200,0,N ,83,1,2,HS (2x) ,host/device ,0,2,4,2,2,1,8,10,10,4,32,1,1,6,- ,LQFP144 ,-40 °C to +85 °C ,02.04.16,03.06.16,Production ,OM13010; OM13026; OM13039; OM13059; OM13028; OM13061 ,
LPC1830FET100,,Cortex-M3 ,180,225,0,200,0,N ,49,1,2,HS (2x) ,host/device ,0,2,4,2,2,- ,4,10,10,4,32,1,1,- ,- ,TFBGA100 ,-40 °C to +85 °C ,02.04.16,03.06.16,Production ,OM13010; OM13026; OM13039; OM13059; OM13028; OM13061 ,
LPC1830FET180,,Cortex-M3 ,180,225,0,200,0,N ,118,1,2,HS (2x) ,host/device ,0,2,4,2,2,- ,8,10,10,4,32,1,1,6,1,TFBGA180 ,-40 °C to +85 °C ,02.04.16,03.06.16,Production ,OM13010; OM13026; OM13039; OM13059; OM13028; OM13061 ,
LPC1830FET256,,Cortex-M3 ,180,225,0,200,0,N ,164,1,2,HS (2x) ,host/device ,0,2,4,2,2,- ,8,10,10,4,32,1,1,6,1,LBGA256 ,-40 °C to +85 °C ,02.04.16,03.06.16,Production ,OM13010; OM13026; OM13039; OM13059; OM13028; OM13061 ,
LPC1833FET256,,Cortex-M3 ,180,225,512,136,16,N ,164,1,2,HS (2x) ,host/device ,0,2,4,2,2,- ,8,10,10,4,32,1,1,6,1,LBGA256 ,-40 °C to +105 °C ,02.04.16,03.06.16,Production ,OM13010; OM13026; OM13039; OM13059; OM13028; OM13061 ,
LPC1833JBD144,,Cortex-M3 ,180,225,512,136,16,N ,83,1,2,HS (2x) ,host/device ,0,2,4,2,2,- ,8,10,10,4,32,1,1,6,- ,LQFP144 ,-40 °C to +105 °C ,02.04.16,03.06.16,Production ,OM13026; OM13059; OM13028; OM13061 
LPC1833JET100,,Cortex-M3 ,180,225,512,136,16,N ,49,1,2,HS (2x) ,host/device ,0,2,4,4,12,1,4,10,10,4,32,1,1,6,- ,TFBGA100 ,-40 °C to +105 °C ,02.04.16,03.06.16,Production ,OM13026; OM13028; OM13061 ,
LPC1833JET256,,Cortex-M3 ,180,225,512,136,16,N ,164,1,2,HS (2x) ,host/device ,0,2,4,2,2,- ,8,10,10,4,32,1,1,6,1,LBGA256 ,-40 °C to +105 °C ,02.04.16,03.06.16,Production ,OM13026; OM13059; OM13028; OM13061 ,
LPC1837FET256,,Cortex-M3 ,180,225,1024,136,16,N ,164,1,2,HS (2x) ,host/device ,0,2,4,2,2,- ,8,10,10,4,32,1,1,6,1,LBGA256 ,-40 °C to +105 °C ,02.04.16,03.06.16,Production ,OM13010; OM13026; OM13039; OM13059; OM13028; OM13061 ,
LPC1837JBD144,,Cortex-M3 ,180,225,1024,136,16,N ,83,1,2,HS (2x) ,host/device ,1,2,4,2,2,- ,8,10,10,4,32,1,1,6,- ,LQFP144 ,-40 °C to +105 °C ,02.04.16,03.06.16,Production ,OM13026; OM13059; OM13028; OM13061 ,
LPC1837JET100,,Cortex-M3 ,180,225,1024,136,16,N ,49,1,2,HS (2x) ,host/device ,0,2,4,2,- ,- ,4,10,10,4,32,1,1,6,- ,TFBGA100 ,-40 °C to +105 °C ,- ,- ,Production ,OM13026; OM13059; OM13028; OM13061 ,
LPC1837JET256,,Cortex-M3 ,180,225,1024,136,16,N ,164,1,2,HS (2x) ,host/device ,0,2,4,2,2,- ,8,10,10,4,32,1,1,6,1,LBGA256 ,-40 °C to +105 °C ,02.04.16,03.06.16,Production ,OM13026; OM13059; OM13028; OM13061 ,
LPC1850FET180,,Cortex-M3 ,180,225,0,200,0,N ,118,1,2,HS (2x) ,host/device ,- ,2,4,2,2,1,8,10,10,4,32,1,1,6,1,TFBGA180 ,-40 °C to +85 °C ,02.04.16,03.06.16,Production ,OM13010; OM13026; OM13030; OM13039; OM13059; OM13028; OM13061 ,
LPC1850FET256,,Cortex-M3 ,180,225,0,200,0,N ,164,1,2,HS (2x) ,host/device ,- ,2,4,2,2,- ,8,10,10,4,32,1,1,6,1,LBGA256 ,-40 °C to +85 °C ,02.04.16,03.06.16,Production ,OM13010; OM13026; OM13030; OM13039; OM13059; OM13028; OM13061 ,
LPC1853FET256,,Cortex-M3 ,180,225,512,136,16,N ,164,1,2,HS (2x) ,host/device ,- ,2,4,2,2,- ,8,10,10,4,32,1,1,6,1,LBGA256 ,-40 °C to +105 °C ,02.04.16,03.06.16,Production ,OM13010; OM13026; OM13039; OM13059; OM13028; OM13061 ,
LPC1853JBD208,,Cortex-M3 ,180,225,512,136,16,N ,142,1,2,HS (2x) ,host/device ,- ,2,4,2,2,- ,8,10,10,4,32,1,1,6,1,LQFP208 ,-40 °C to +105 °C ,02.04.16,03.06.16,Production ,OM13026; OM13059; OM13028; OM13061 ,
LPC1853JET256,,Cortex-M3 ,180,225,512,136,16,N ,164,1,2,HS (2x) ,host/device ,- ,2,4,2,2,- ,8,10,10,4,32,1,1,6,1,LBGA256 ,-40 °C to +105 °C ,02.04.16,03.06.16,Production ,OM13026; OM13059; OM13028; OM13061 
LPC1857FET256,,Cortex-M3 ,180,225,1024,136,16,N ,164,1,2,HS (2x) ,host/device ,- ,2,4,2,2,- ,8,10,10,4,32,1,1,6,1,LBGA256 ,-40 °C to +105 °C ,02.04.16,03.06.16,Production ,OM13010; OM13026; OM13039; OM13059; OM13028; OM13061 ,
LPC1857JBD208,,Cortex-M3 ,180,225,1024,136,16,N ,142,1,2,HS (2x) ,host/device ,- ,2,4,2,2,- ,8,10,10,4,32,1,1,6,1,LQFP208 ,-40 °C to +105 °C ,02.04.16,03.06.16,Production ,OM13026; OM13059; OM13028; OM13061 ,
LPC1857JET256,,Cortex-M3 ,180,225,1024,136,16,N ,164,1,2,HS (2x) ,host/device ,- ,2,4,2,2,- ,8,10,10,4,32,1,1,6,1,LBGA256 ,-40 °C to +105 °C ,02.04.16,03.06.16,Production ,OM13026; OM13059; OM13028; OM13061 ,
LPC18S10FBD144,,Cortex-M3 ,180,225,0,136,0,Y ,83,0,0,- ,- ,0,2,4,2,22,- ,8,10,10,4,32,1,- ,6,- ,LQFP144 ,-40 °C to +85 °C ,02.04.16,03.06.16,Production ,- 
LPC18S30FET256,,Cortex-M3 ,180,225,0,200,0,Y ,164,1,2,HS (2x) ,host/device ,0,2,4,2,22,- ,8,10,10,4,32,1,- ,6,- ,LBGA256 ,-40 °C to +85 °C ,02.04.16,03.06.16,Production ,- 
LPC18S10FET100,LPC18SXX,Cortex-M3,180,225,0,136,0,Y,49,0,0,-,-,0,2,4,2,22,4,10,10,4,32,1,6,TFBGA100,-40 °C to +85 °C,2.4,3.6,Production,-,,
LPC18S30FBD144,LPC18SXX,Cortex-M3,180,225,0,200,0,Y,83,1,2,HS (2x),host/device,0,2,4,2,22,8,10,10,4,32,1,6,LQFP144,-40 °C to +85 °C,2.4,3.6,Production,-,,
LPC18S30FET100,LPC18SXX,Cortex-M3,180,225,0,200,0,Y,49,1,2,HS (2x),host/device,0,2,4,2,22,4,10,10,4,32,1,6,TFBGA100,-40 °C to +85 °C,2.4,3.6,Production,-,,
LPC18S37JBD144,LPC18SXX,Cortex-M3,180,225,0,136,16,Y,83,1,2,HS (2x),host/device,0,2,4,2,22,8,10,10,4,32,1,6,LQFP144,-40 °C to +105 °C,2.4,3.6,Production,OM13076,,
LPC18S37JET100,LPC18SXX,Cortex-M3,180,225,0,200,16,Y,49,1,2,HS (2x),host/device,0,2,4,2,22,4,10,10,4,32,1,6,TFBGA100,-40 °C to +105 °C,2.4,3.6,Production,OM13076,,
LPC18S50FET180,LPC18SXX,Cortex-M3,180,225,0,200,0,Y,118,1,2,HS (2x),host/device,1,2,4,2,22,8,10,10,4,32,1,6,TFBGA180,-40 °C to +85 °C,2.4,3.6,Production,-,,
LPC18S50FET256,LPC18SXX,Cortex-M3,180,225,0,200,0,Y,164,1,2,HS (2x),host/device,1,2,4,2,22,8,10,10,4,32,1,6,LBGA256,-40 °C to +85 °C,2.4,3.6,Production,-,,
LPC18S57JBD208,LPC18SXX,Cortex-M3,180,225,0,136,16,Y,142,1,2,HS (2x),host/device,0,2,4,2,22,8,10,10,4,32,1,6,LQFP208,-40 °C to +105 °C,2.4,3.6,Production,-,,
LPC18S57JET256,LPC18SXX,Cortex-M3,180,225,0,136,16,Y,164,1,2,HS (2x),host/device,0,2,4,2,22,8,10,10,4,32,1,6,LBGA256,-40 °C to +105 °C,2.4,3.6,Production,-,,
LPC4072FBD80,LPC4072FBD80,Cortex-M4,120,150,64,24,2,54,0,1,FS,host/device,0,2,4,3,3,1,8,12,0,10,4,32,1,-,6,0,LQFP80,-40 °C to +85 °C,2.4,3.6,Development,-
LPC4072FET80,LPC4072FET80,Cortex-M4,120,150,64,24,2,54,0,1,FS,host/device,0,2,4,3,3,1,8,12,0,10,4,32,1,-,6,0,TFBGA80,-40 °C to +85 °C,2.4,3.6,Production,-
LPC4074FBD144,LPC4074FBD144,Cortex-M4,120,150,128,40,2,109,0,1,FS,host/device,0,2,4,3,3,1,8,12,0,10,4,32,1,-,6,0,LQFP144,-40 °C to +85 °C,2.4,3.6,Production,-
LPC4074FBD80,LPC4074FBD80,Cortex-M4,120,150,128,40,2,54,0,1,FS,host/device,0,2,4,3,3,1,8,12,0,10,4,32,1,-,6,0,LQFP80,-40 °C to +85 °C,2.4,3.6,Production,-
LPC4076FBD144,LPC4076FBD144,Cortex-M4F,120,152,256,80,2,109,1,1,FS,host/device,0,2,5,3,3,1,8,12,2,10,4,32,1,-,6,1,LQFP144,-40 °C to +85 °C,2.4,3.6,Production,-
LPC4076FET180,LPC4076FET180,Cortex-M4F,120,152,256,80,2,142,1,1,FS,host/device,0,2,5,3,3,1,8,12,2,10,4,32,1,-,6,1,TFBGA180,-40 °C to +85 °C,2.4,3.6,Production,-
LPC4078FBD100,LPC4078FBD100,Cortex-M4F,120,152,512,96,4,69,1,1,FS,host/device,0,2,5,3,3,1,8,12,2,10,4,32,1,-,6,1,LQFP100,-40 °C to +85 °C,2.4,3.6,Production,OM13038
LPC4078FBD144,LPC4078FBD144,Cortex-M4F,120,152,512,96,4,109,1,1,FS,host/device,0,2,5,3,3,1,8,12,2,10,4,32,1,-,6,1,LQFP144,-40 °C to +85 °C,2.4,3.6,Production,OM13038
LPC4078FBD208,LPC4078FBD208,Cortex-M4F,120,152,512,96,4,165,1,1,FS,host/device,0,2,5,3,3,1,8,12,2,10,4,32,1,-,6,1,LQFP208,-40 °C to +85 °C,2.4,3.6,Production,OM13038
LPC4078FBD80,LPC4078FBD80,Cortex-M4F,120,152,512,96,4,-,1,1,FS,host/device,0,2,5,3,3,1,8,12,2,10,4,32,1,-,6,1,LQFP80,-40 °C to +85 °C,2.4,3.6,Production,OM13038
LPC4078FET180,LPC4078FET180,Cortex-M4F,120,152,512,96,4,142,1,1,FS,host/device,0,2,5,3,3,1,8,12,2,10,4,32,1,-,6,1,TFBGA180,-40 °C to +85 °C,2.4,3.6,Production,OM13038
LPC4078FET208,LPC4078FET208,Cortex-M4F,120,152,512,96,4,165,1,1,FS,host/device,0,2,5,3,3,1,8,12,2,10,4,32,1,-,6,1,TFBGA208,-40 °C to +85 °C,2.4,3.6,Production,OM13038
LPC4088FBD144,LPC4088FBD144,Cortex-M4F,120,152,512,96,4,109,1,1,FS,host/device,1,2,5,3,3,1,8,12,2,10,4,32,1,-,6,1,LQFP144,-40 °C to +85 °C,2.4,3.6,Production,OM13029; OM13079; OM13083; OM13063
LPC4088FBD208,LPC4088FBD208,Cortex-M4F,120,152,512,96,4,165,1,1,FS,host/device,1,2,5,3,3,1,8,12,2,10,4,32,1,-,6,1,LQFP208,-40 °C to +85 °C,2.4,3.6,Production,OM13029; OM13079; OM13083; OM13063
LPC4088FET180,LPC4088FET180,Cortex-M4F,120,152,512,96,4,142,1,1,FS,host/device,1,2,5,3,3,1,8,12,2,10,4,32,1,-,6,1,TFBGA180,-40 °C to +85 °C,2.4,3.6,Production,OM13029; OM13079; OM13083; OM13063
LPC4088FET208,LPC4088FET208,Cortex-M4F,120,152,512,96,4,165,1,1,FS,host/device,1,2,5,3,3,1,8,12,2,10,4,32,1,-,6,1,TFBGA208,-40 °C to +85 °C,2.4,3.6,Production,OM13029; OM13079; OM13083; OM13063
LPC4310FBD144,LPC4310FBD144,Cortex-M4F;M0,204,430,0,168,0,83,0,0,-,-,-,2,4,2,3,2,8,10,0,10,41,32,1,1,6,0,LQFP144,-40 °C to +85 °C,2.4,3.6,Production,OM13027; OM13031; OM13040
LPC4310FET100,LPC4310FET100,Cortex-M4F;M0,204,430,0,168,0,49,0,0,-,-,-,2,4,2,3,2,4,10,0,10,41,32,1,1,6,1,TFBGA100,-40 °C to +85 °C,2.4,3.6,Production,OM13027; OM13031; OM13040
LPC4312JBD144,LPC4312JBD144,Cortex-M4F;M0,204,430,512,104,16,83,0,0,-,-,-,2,4,2,3,2,8,10,0,10,41,32,1,1,6,0,LQFP144,-40 °C to +105 °C,2.4,3.6,Production,OM13027
LPC4312JET100,LPC4312JET100,Cortex-M4F;M0,204,430,512,104,16,49,0,0,-,-,-,2,4,2,3,2,4,10,0,10,41,32,1,1,6,0,TFBGA100,-40 °C to +105 °C,2.4,3.6,Production,OM13027
LPC4313JBD144,LPC4313JBD144,Cortex-M4F;M0,204,430,512,104,16,83,0,0,-,-,-,2,4,2,3,2,8,10,0,10,41,32,1,1,6,0,LQFP144,-40 °C to +105 °C,2.4,3.6,Production,OM13027
LPC4313JET100,LPC4313JET100,Cortex-M4F;M0,204,430,512,104,16,49,0,0,-,-,-,2,4,2,3,2,4,10,0,10,41,32,1,1,6,0,TFBGA100,-40 °C to +105 °C,2.4,3.6,Production,OM13027
LPC4315JBD144,LPC4315JBD144,Cortex-M4F;M0,204,430,768,136,16,83,0,0,-,-,-,2,4,2,3,2,8,10,0,10,41,32,1,1,6,0,LQFP144,-40 °C to +105 °C,2.4,3.6,Production,OM13027
LPC4315JET100,LPC4315JET100,Cortex-M4F;M0,204,430,768,136,16,49,0,0,-,-,-,2,4,2,3,2,4,10,0,10,41,32,1,1,6,0,TFBGA100,-40 °C to +105 °C,2.4,3.6,Production,OM13027
LPC4317JBD144,LPC4317JBD144,Cortex-M4F;M0,204,430,1024,136,16,83,0,0,-,-,-,2,4,2,3,2,8,10,0,10,41,32,1,1,6,0,LQFP144,-40 °C to +105 °C,2.4,3.6,Production,OM13027
LPC4317JET100,LPC4317JET100,Cortex-M4F;M0,204,430,1024,136,16,49,0,0,-,-,-,2,4,2,3,2,4,10,0,10,41,32,1,1,6,0,TFBGA100,-40 °C to +105 °C,2.4,3.6,Production,OM13027
LPC4320FBD144,LPC4320FBD144,Cortex-M4F;M0,204,430,0,200,0,83,0,1,HS,host/device,-,2,4,2,3,2,8,10,0,10,41,32,1,1,6,0,LQFP144,-40 °C to +85 °C,2.4,3.6,Production,OM13027; OM13031; OM13040
LPC4320FET100,LPC4320FET100,Cortex-M4F;M0,204,430,0,200,0,49,0,1,HS,host/device,-,2,4,2,3,2,4,10,0,10,41,32,1,1,6,1,TFBGA100,-40 °C to +85 °C,2.4,3.6,Production,OM13027; OM13031; OM13040
LPC4322JBD144,LPC4322JBD144,Cortex-M4F;M0,204,430,512,104,16,83,0,1,HS,host/device,-,2,4,2,3,2,8,10,0,10,41,32,1,1,6,0,LQFP144,-40 °C to +105 °C,2.4,3.6,Production,OM13027
LPC4322JET100,LPC4322JET100,Cortex-M4F;M0,204,430,512,104,16,49,0,1,HS,host/device,-,2,4,2,3,2,4,10,0,10,41,32,1,1,6,0,TFBGA100,-40 °C to +105 °C,2.4,3.6,Production,OM13027
LPC4323JBD144,LPC4323JBD144,Cortex-M4F;M0,204,430,512,104,16,83,0,1,HS,host/device,-,2,4,2,3,2,8,10,0,10,41,32,1,1,6,0,LQFP144,-40 °C to +105 °C,2.4,3.6,Production,OM13027
LPC4323JET100,LPC4323JET100,Cortex-M4F;M0,204,430,512,104,16,49,0,1,HS,host/device,-,2,4,2,3,2,4,10,0,10,41,32,1,1,6,0,TFBGA100,-40 °C to +105 °C,2.4,3.6,Production,OM13027
LPC4325JBD144,LPC4325JBD144,Cortex-M4F;M0,204,430,768,136,16,83,0,1,HS,host/device,-,2,4,2,3,2,8,10,0,10,41,32,1,1,6,0,LQFP144,-40 °C to +105 °C,2.4,3.6,Production,OM13027
LPC4325JET100,LPC4325JET100,Cortex-M4F;M0,204,430,768,136,16,49,0,1,HS,host/device,-,2,4,2,3,2,4,10,0,10,41,32,1,1,6,0,TFBGA100,-40 °C to +105 °C,2.4,3.6,Production,OM13027
LPC4327JBD144,LPC4327JBD144,Cortex-M4F;M0,204,430,1024,136,16,83,0,1,HS,host/device,-,2,4,2,3,2,8,10,0,10,41,32,1,1,6,0,LQFP144,-40 °C to +105 °C,2.4,3.6,Production,OM13027
LPC4327JET100,LPC4327JET100,Cortex-M4F;M0,204,430,1024,136,16,49,0,1,HS,host/device,-,2,4,2,3,2,4,10,0,10,41,32,1,1,6,0,TFBGA100,-40 °C to +105 °C,2.4,3.6,Production,OM13027
LPC4330FBD144,LPC4330FBD144,Cortex-M4F;M0,204,430,0,264,0,83,1,2,HS (2x),host/device,-,2,4,2,3,2,8,10,0,10,41,32,1,1,6,0,LQFP144,-40 °C to +85 °C,2.4,3.6,Production,OM13027; OM13031; OM13040
LPC4330FET100,LPC4330FET100,Cortex-M4F;M0,204,430,0,264,0,49,1,2,HS (2x),host/device,-,2,4,2,3,2,4,10,0,10,41,32,1,1,6,0,TFBGA100,-40 °C to +85 °C,2.4,3.6,Production,OM13027; OM13031; OM13040
LPC4330FET180,LPC4330FET180,Cortex-M4F;M0,204,430,0,264,0,118,1,2,HS (2x),host/device,-,2,4,2,3,2,8,10,0,10,41,32,1,1,6,1,TFBGA180,-40 °C to +85 °C,2.4,3.6,Production,OM13027; OM13031; OM13040
LPC4330FET180,LPC4330FET180/CP3338,Cortex-M4F;M0,204,430,0,264,0,118,1,2,HS (2x),host/device,-,2,4,2,3,2,8,10,-,10,41,32,1,1,6,1,TFBGA180,-40 °C to +85 °C,2.4,3.6,Production,OM13027; OM13031; OM13040
LPC4330FET180,LPC4330FET180/CP3342,Cortex-M4F;M0,204,430,0,264,0,118,1,2,HS (2x),host/device,-,2,4,2,3,2,8,10,-,10,41,32,1,1,6,1,TFBGA180,-40 °C to +85 °C,2.4,3.6,Production,OM13027; OM13031; OM13040
LPC4330FET256,LPC4330FET256,Cortex-M4F;M0,204,430,0,264,0,146,1,2,HS (2x),host/device,-,2,4,2,3,2,8,10,0,10,41,32,1,1,6,1,LBGA256,-40 °C to +85 °C,2.4,3.6,Production,OM13027; OM13031; OM13040
LPC4333FET256,LPC4333FET256,Cortex-M4F;M0,204,430,512,136,16,164,1,2,HS (2x),host/device,-,2,4,2,3,2,8,10,0,10,41,32,1,1,6,1,LBGA256,-40 °C to +105 °C,2.4,3.6,Production,OM13027; OM13031; OM13040
LPC4333JBD144,LPC4333JBD144,Cortex-M4F;M0,204,430,512,136,16,83,1,2,HS (2x),host/device,-,2,4,2,3,2,8,10,0,10,41,32,1,1,6,1,LQFP144,-40 °C to +105 °C,2.4,3.6,Production,OM13027
LPC4333JET100,LPC4333JET100,Cortex-M4F;M0,204,430,512,136,16,49,1,2,HS (2x),host/device,-,2,4,2,3,2,4,10,0,10,41,32,1,1,6,1,TFBGA100,-40 °C to +105 °C,2.4,3.6,Production,OM13027
LPC4333JET256,LPC4333JET256,Cortex-M4F;M0,204,430,512,136,16,164,1,2,HS (2x),host/device,-,2,4,2,3,2,8,10,0,10,41,32,1,1,6,1,LBGA256,-40 °C to +105 °C,2.4,3.6,Production,OM13027
LPC4337FET256,LPC4337FET256,Cortex-M4F;M0,204,430,1024,136,16,164,1,2,HS (2x),host/device,-,2,4,2,3,2,8,10,0,10,41,32,1,1,6,1,LBGA256,-40 °C to +105 °C,2.4,3.6,Production,OM13027; OM13031; OM13040; OM13070; OM13082
LPC4337JBD144,LPC4337JBD144,Cortex-M4F;M0,204,430,1024,136,16,83,1,2,HS (2x),host/device,-,2,4,2,3,2,8,10,0,10,41,32,1,1,6,1,LQFP144,-40 °C to +105 °C,2.4,3.6,Production,OM13027; OM13070; OM13082
LPC4337JET100,LPC4337JET100,Cortex-M4F;M0,204,430,1024,136,16,49,1,2,HS (2x),host/device,-,2,4,2,3,2,4,10,0,10,41,32,1,1,6,1,TFBGA100,-40 °C to +105 °C,2.4,3.6,Production,OM13027; OM13070; OM13082
LPC4337JET256,LPC4337JET256,Cortex-M4F;M0,204,430,1024,136,16,164,1,2,HS (2x),host/device,-,2,4,2,3,2,8,10,0,10,41,32,1,1,6,1,LBGA256,-40 °C to +105 °C,2.4,3.6,Production,OM13027; OM13070; OM13082
LPC4350FET180,LPC4350FET180,Cortex-M4F;M0,204,430,0,264,0,118,1,2,HS (2x),host/device,-,2,4,2,3,2,8,10,0,10,41,32,1,1,6,1,TFBGA180,-40 °C to +85 °C,2.4,3.6,Production,OM13027; OM13031; OM13040
LPC4350FET256,LPC4350FET256,Cortex-M4F;M0,204,430,0,264,0,164,1,2,HS (2x),host/device,-,2,4,2,3,2,8,10,0,10,41,32,1,1,6,1,LBGA256,-40 °C to +85 °C,2.4,3.6,Production,OM13027; OM13031; OM13040
LPC4353FET256,LPC4353FET256,Cortex-M4F;M0,204,430,512,136,16,164,1,2,HS (2x),host/device,-,2,4,2,3,2,8,10,0,10,41,32,1,1,6,1,LBGA256,-40 °C to +105 °C,2.4,3.6,Production,OM13027; OM13031; OM13040
LPC4353JBD208,LPC4353JBD208,Cortex-M4F;M0,204,430,512,136,16,142,1,2,HS (2x),host/device,-,2,4,2,3,2,8,10,0,10,41,32,1,1,6,1,LQFP208,-40 °C to +105 °C,2.4,3.6,Production,OM13027
LPC4353JET256,LPC4353JET256,Cortex-M4F;M0,204,430,512,136,16,164,1,2,HS (2x),host/device,-,2,4,2,3,2,8,10,0,10,41,32,1,1,6,1,LBGA256,-40 °C to +105 °C,2.4,3.6,Production,OM13027
LPC4357FET256,LPC4357FET256,Cortex-M4F;M0,204,430,1024,136,16,164,1,2,HS (2x),host/device,-,2,4,2,3,2,8,10,0,10,4,32,1,1,6,1,LBGA256,-40 °C to +105 °C,2.4,3.6,Production,OM13027; OM13031; OM13040; OM13054
LPC4357JBD208,LPC4357JBD208,Cortex-M4F;M0,204,430,1024,136,16,142,1,2,HS (2x),host/device,-,2,4,2,3,2,8,10,0,10,41,32,1,1,6,1,LQFP208,-40 °C to +105 °C,2.4,3.6,Production,OM13027
LPC4357JET256,LPC4357JET256,Cortex-M4F;M0,204,430,1024,136,16,164,1,2,HS (2x),host/device,1,2,4,2,3,2,8,10,0,10,4,32,1,1,6,1,LBGA256,-40 °C to +105 °C,2.4,3.6,Production,OM13027
LPC4370FET100,LPC4370FET100,Cortex-M4F;M0,204,430,0,282,0,49,1,2,HS (2x),host/device,-,2,4,2,3,2,3,12,0,10,41,32,1,1,6,0,TFBGA100,-40 °C to +85 °C,2.4,3.6,Production,OM13054
LPC4370FET256,LPC4370FET256,Cortex-M4F;M0,204,430,0,282,0,164,1,2,HS (2x),host/device,-,2,4,2,3,2,22,10,0,10,41,32,1,1,6,1,LBGA256,-40 °C to +85 °C,2.4,3.6,Production,OM13073
LPC43S20FBD144,LPC43S20FBD144,Cortex-M4F;M0,204,430,0,200,0,83,0,1,HS,host/device,0,2,4,2,3,2,8,10,0,10,4,32,1,1,6,0,LQFP144,-40 °C to +85 °C,2.4,3.6,Production,OM13073
LPC43S30FET256,LPC43S30FET256,Cortex-M4F;M0,204,430,0,264,0,164,1,2,HS (2x),host/device,0,2,4,2,3,2,8,10,0,10,4,32,1,1,6,1,LBGA256,-40 °C to +85 °C,2.4,3.6,Production,OM13073
LPC43S57JET256,LPC43S57JET256,Cortex-M4F;M0,204,430,1024,136,16,164,1,2,HS (2x),host/device,1,2,4,2,3,2,8,10,0,10,4,32,1,1,6,1,LBGA256,-40 °C to +105 °C,2.4,3.6,Production,OM13073
LPC54101J256BD64,LPC54101J256BD64,Cortex-M4F,100,127,256,104,-,50,-,-,-,-,-,-,4,3,2,-,12,12,-,-,5,32,1,1,1,-,LQFP64,-40 °C to +105 °C,1.62,3.6,Production,OM13077; OM13078
LPC54101J256UK49,LPC54101J256UK49,Cortex-M4F,100,127,256,104,-,39,-,-,-,-,-,-,4,3,2,-,12,12,-,-,5,32,1,1,1,-,WLCSP,-40 °C to +105 °C,1.62,3.6,Production,OM13077; OM13078
LPC54101J512BD64,LPC54101J512BD64,Cortex-M4F,100,127,512,104,-,50,-,-,-,-,-,-,4,3,2,-,12,12,-,-,5,32,1,1,1,-,LQFP64,-40 °C to +105 °C,1.62,3.6,Production,OM13077; OM13078
LPC54101J512UK49,LPC54101J512UK49,Cortex-M4F,100,127,512,104,-,39,-,-,-,-,-,-,4,3,2,-,12,12,-,-,5,32,1,1,1,-,WLCSP,-40 °C to +105 °C,1.62,3.6,Production,OM13077; OM13078
LPC54102J256BD64,LPC54102J256BD64,Cortex-M4F; Cortex-M0+,100,220,256,104,-,50,-,-,-,-,-,-,4,3,2,-,12,12,-,-,5,32,1,1,1,-,LQFP64,-40 °C to +105 °C,1.62,3.6,Production,OM13077; OM13078
LPC54102J256UK49,LPC54102J256UK49,Cortex-M4F; Cortex-M0+,100,220,256,104,-,39,-,-,-,-,-,-,4,3,2,-,12,12,-,-,5,32,1,1,1,-,WLCSP,-40 °C to +105 °C,1.62,3.6,Production,OM13077; OM13078
LPC54102J512BD64,LPC54102J512BD64,Cortex-M4F; Cortex-M0+,100,220,512,104,-,50,-,-,-,-,-,-,4,3,2,-,12,12,-,-,5,32,1,1,1,-,LQFP64,-40 °C to +105 °C,1.62,3.6,Production,OM13077; OM13078
LPC54102J512UK49,LPC54102J512UK49,Cortex-M4F; Cortex-M0+,100,220,512,104,-,39,-,-,-,-,-,-,4,3,2,-,12,12,-,-,5,32,1,1,1,-,WLCSP,-40 °C to +105 °C,1.62,3.6,Production,OM13077; OM13078
LPC1517JBD48,LPC1517JBD48,Cortex-M3,72,90,64,12,4,32,0,-,-,1,3,1,2,16,12,4,4,1,LQFP48,-40 °C to +105 °C,2.4,3.6,Production,OM13068; OM13056; OM13064; OM13067,,,,,,,,
LPC1517JBD64,LPC1517JBD64,Cortex-M3,72,90,64,12,4,46,0,-,-,1,3,1,2,24,12,4,4,1,LQFP64,-40 °C to +105 °C,2.4,3.6,Production,OM13068; OM13056; OM13064; OM13067,,,,,,,,
LPC1518JBD100,LPC1518JBD100,Cortex-M3,72,90,128,20,4,78,0,-,-,1,3,1,2,24,12,4,4,1,LQFP100,-40 °C to +105 °C,2.4,3.6,Production,OM13068; OM13056; OM13064; OM13067,,,,,,,,
LPC1518JBD64,LPC1518JBD64,Cortex-M3,72,90,128,20,4,46,0,-,-,1,3,1,2,24,12,4,4,1,LQFP64,-40 °C to +105 °C,2.4,3.6,Production,OM13068; OM13056; OM13064; OM13067,,,,,,,,
LPC1519JBD100,LPC1519JBD100,Cortex-M3,72,90,256,36,4,78,0,-,-,1,3,1,2,24,12,4,4,1,LQFP100,-40 °C to +105 °C,2.4,3.6,Production,OM13068; OM13056; OM13064; OM13067,,,,,,,,
LPC1519JBD64,LPC1519JBD64,Cortex-M3,72,90,256,36,4,46,0,-,-,1,3,1,2,24,12,4,4,1,LQFP64,-40 °C to +105 °C,2.4,3.6,Production,OM13068; OM13056; OM13064; OM13067,,,,,,,,
LPC1547JBD48,LPC1547JBD48,Cortex-M3,72,90,64,12,4,30,1,FS,device,1,3,1,2,16,12,4,4,1,LQFP48,-40 °C to +105 °C,2.4,3.6,Production,OM13068; OM13056; OM13064; OM13067,,,,,,,,
LPC1547JBD64,LPC1547JBD64,Cortex-M3,72,90,64,12,4,44,1,FS,device,1,3,1,2,24,12,4,4,1,LQFP64,-40 °C to +105 °C,2.4,3.6,Production,OM13068; OM13056; OM13064; OM13067,,,,,,,,
LPC1548JBD100,LPC1548JBD100,Cortex-M3,72,90,128,20,4,76,1,FS,device,1,3,1,2,24,12,4,4,1,LQFP100,-40 °C to +105 °C,2.4,3.6,Production,OM13068; OM13056; OM13064; OM13067,,,,,,,,
LPC1548JBD64,LPC1548JBD64,Cortex-M3,72,90,128,20,4,44,1,FS,device,1,3,1,2,24,12,4,4,1,LQFP64,-40 °C to +105 °C,2.4,3.6,Production,OM13068; OM13056; OM13064; OM13067,,,,,,,,
LPC1549JBD100,LPC1549JBD100,Cortex-M3,72,90,256,36,4,76,1,FS,device,1,3,1,2,24,12,4,4,1,LQFP100,-40 °C to +105 °C,2.4,3.6,Production,OM13068; OM13056; OM13064; OM13067,,,,,,,,
LPC1549JBD48,LPC1549JBD48,Cortex-M3,72,90,256,36,4,30,1,FS,device,1,3,1,2,16,12,4,4,1,LQFP48,-40 °C to +105 °C,2.4,3.6,Production,OM13068; OM13056; OM13064; OM13067,,,,,,,,
LPC1549JBD64,LPC1549JBD64,Cortex-M3,72,90,256,36,4,44,1,FS,device,1,3,1,2,24,12,4,4,1,LQFP64,-40 °C to +105 °C,2.4,3.6,Production,OM13068; OM13056; OM13064; OM13067,,,,,,,,
