Part No.,MCU Core,MHz,Flash (kB),Ram (kB),DIG I/O,Communications,Timers (16-bit),PCA Channels,Internal Osc,ADC 1,ADC 2,DAC,Temp Sensor,Debug Interface,Other,Package Type,Package Size,VREF,Comparators,Alternative,AEC-Q100,Cap Sense,,,,,
EFM32G200F16-QFN32,ARM Cortex-M3,32,16,8,24,I2C; SPI; 2 x USART,2,—,±2%,12-bit, 4-ch., 1 Msps,—,12-bit, 1-ch.,true,SW,Low Power; RTC,QFN32,6x6 mm,,2,,,true,,
EFM32G200F32-QFN32,ARM Cortex-M3,32,32,8,24,I2C; SPI; 2 x USART,2,—,±2%,12-bit, 4-ch., 1 Msps,—,12-bit, 1-ch.,true,SW,Low Power; RTC,QFN32,6x6 mm,,2,,,true,,
EFM32G200F64-QFN32,ARM Cortex-M3,32,64,16,24,I2C; SPI; 2 x USART,2,—,±2%,12-bit, 4-ch., 1 Msps,—,12-bit, 1-ch.,true,SW,Low Power; RTC,QFN32,6x6 mm,,2,,,true,,
EFM32G210F128-QFN32,ARM Cortex-M3,32,128,16,24,I2C; SPI; 2 x USART,2,—,±2%,12-bit, 4-ch., 1 Msps,—,12-bit, 1-ch.,true,SW,AES; Low Power; RTC,QFN32,6x6 mm,,2,,,true,,
EFM32G222F128-QFP48,ARM Cortex-M3,32,128,16,37,I2C; SPI; 2 x USART,3,—,±2%,12-bit, 4-ch., 1 Msps,—,12-bit, 1-ch.,true,SW,AES; Low Power; RTC,QFP48,7x7 mm,,2,,,true,,
EFM32G222F32-QFP48,ARM Cortex-M3,32,32,8,37,I2C; SPI; 2 x USART,3,—,±2%,12-bit, 4-ch., 1 Msps,—,12-bit, 1-ch.,true,SW,AES; Low Power; RTC,QFP48,7x7 mm,,2,,,true,,
EFM32G222F64-QFP48,ARM Cortex-M3,32,64,16,37,I2C; SPI; 2 x USART,3,—,±2%,12-bit, 4-ch., 1 Msps,—,12-bit, 1-ch.,true,SW,AES; Low Power; RTC,QFP48,7x7 mm,,2,,,true,,
EFM32G230F128-QFN64,ARM Cortex-M3,32,128,16,56,I2C; SPI; 3 x USART,3,—,±2%,12-bit, 8-ch., 1 Msps,—,12-bit, 2 ch.,true,SW,AES; Low Power; RTC,QFN64,9x9 mm,,2,,,true,,
EFM32G230F32-QFN64,ARM Cortex-M3,32,32,8,56,I2C; SPI; 3 x USART,3,—,±2%,12-bit, 8-ch., 1 Msps,—,12-bit, 2 ch.,true,SW,AES; Low Power; RTC,QFN64,9x9 mm,,2,,,true,,
EFM32G230F64-QFN64,ARM Cortex-M3,32,64,16,56,I2C; SPI; 3 x USART,3,—,±2%,12-bit, 8-ch., 1 Msps,—,12-bit, 2 ch.,true,SW,AES; Low Power; RTC,QFN64,9x9 mm,,2,,,true,,
EFM32G232F128-QFP64,ARM Cortex-M3,32,128,16,53,I2C; SPI; 3 x USART,3,—,±2%,12-bit, 8-ch., 1 Msps,—,12-bit, 1-ch.,true,SW,AES; Low Power; RTC,QFP64,10x10 mm,,2,,,true,,
EFM32G232F32-QFP64,ARM Cortex-M3,32,32,8,53,I2C; SPI; 3 x USART,3,—,±2%,12-bit, 8-ch., 1 Msps,—,12-bit, 1-ch.,true,SW,AES; Low Power; RTC,QFP64,10x10 mm,,2,,,true,,
EFM32G232F64-QFP64,ARM Cortex-M3,32,64,16,53,I2C; SPI; 3 x USART,3,—,±2%,12-bit, 8-ch., 1 Msps,—,12-bit, 1-ch.,true,SW,AES; Low Power; RTC,QFP64,10x10 mm,,2,,,true,,
EFM32G280F128-QFP100,ARM Cortex-M3,32,128,16,86,I2C; SPI; UART; 3 x USART,3,—,±2%,12-bit, 8-ch., 1 Msps,—,12-bit, 2 ch.,true,SW,AES; Low Power; RTC,QFP100,14x14 mm,,2,,,true,,
EFM32G280F32-QFP100,ARM Cortex-M3,32,32,8,86,I2C; SPI; UART; 3 x USART,3,—,±2%,12-bit, 8-ch., 1 Msps,—,12-bit, 2 ch.,true,SW,AES; Low Power; RTC,QFP100,14x14 mm,,2,,,true,,
EFM32G280F64-QFP100,ARM Cortex-M3,32,64,16,86,I2C; SPI; UART; 3 x USART,3,—,±2%,12-bit, 8-ch., 1 Msps,—,12-bit, 2 ch.,true,SW,AES; Low Power; RTC,QFP100,14x14 mm,,2,,,true,,
EFM32G290F128-BGA112,ARM Cortex-M3,32,128,16,90,I2C; SPI; UART; 3 x USART,3,—,±2%,12-bit, 8-ch., 1 Msps,—,12-bit, 2 ch.,true,SW,AES; Low Power; RTC,BGA112,10x10 mm,,2,,,true,,
EFM32G290F32-BGA112,ARM Cortex-M3,32,32,8,90,I2C; SPI; UART; 3 x USART,3,—,±2%,12-bit, 8-ch., 1 Msps,—,12-bit, 2 ch.,true,SW,AES; Low Power; RTC,BGA112,10x10 mm,,2,,,true,,
EFM32G290F64-BGA112,ARM Cortex-M3,32,64,16,90,I2C; SPI; UART; 3 x USART,3,—,±2%,12-bit, 8-ch., 1 Msps,—,12-bit, 2 ch.,true,SW,AES; Low Power; RTC,BGA112,10x10 mm,,2,,,true,,
EFM32G840F128-QFN64,ARM Cortex-M3,32,128,16,56,I2C; SPI; 3 x USART,3,—,±2%,12-bit, 8-ch., 1 Msps,—,12-bit, 2 ch.,true,SW,AES; LCD; Low Power; RTC,QFN64,9x9 mm,,2,,,true,,
EFM32G840F32-QFN64,ARM Cortex-M3,32,32,8,56,I2C; SPI; 3 x USART,3,—,±2%,12-bit, 8-ch., 1 Msps,—,12-bit, 2 ch.,true,SW,AES; LCD; Low Power; RTC,QFN64,9x9 mm,,2,,,true,,
EFM32G840F64-QFN64,ARM Cortex-M3,32,64,16,56,I2C; SPI; 3 x USART,3,—,±2%,12-bit, 8-ch., 1 Msps,—,12-bit, 2 ch.,true,SW,AES; LCD; Low Power; RTC,QFN64,9x9 mm,,2,,,true,,
EFM32G842F128-QFP64,ARM Cortex-M3,32,128,16,53,I2C; 3 x USART,3,—,±2%,12-bit, 8-ch., 1 Msps,—,12-bit, 1-ch.,true,SW,AES; LCD; Low Power; RTC,QFP64,10x10 mm,,2,,,true,,
EFM32G842F32-QFP64,ARM Cortex-M3,32,32,8,53,I2C; SPI; 3 x USART,3,—,±2%,12-bit, 8-ch., 1 Msps,—,12-bit, 1-ch.,true,SW,AES; LCD; Low Power; RTC,QFP64,10x10 mm,,2,,,true,,
EFM32G842F64-QFP64,ARM Cortex-M3,32,64,16,53,I2C; SPI; 3 x USART,3,—,±2%,12-bit, 8-ch., 1 Msps,—,12-bit, 1-ch.,true,SW,AES; LCD; Low Power; RTC,QFP64,10x10 mm,,2,,,true,,
EFM32G880F128-QFP100,ARM Cortex-M3,32,128,16,86,I2C; SPI; UART; 3 x USART,3,—,±2%,12-bit, 8-ch., 1 Msps,—,12-bit, 2 ch.,true,SW,AES; LCD; Low Power; RTC,QFP100,14x14 mm,,2,,,true,,
EFM32G880F32-QFP100,ARM Cortex-M3,32,32,8,86,I2C; SPI; UART; 3 x USART,3,—,±2%,12-bit, 8-ch., 1 Msps,—,12-bit, 2 ch.,true,SW,AES; LCD; Low Power; RTC,QFP100,14x14 mm,,2,,,true,,
EFM32G880F64-QFP100,ARM Cortex-M3,32,64,16,86,I2C; SPI; UART; 3 x USART,3,—,±2%,12-bit, 8-ch., 1 Msps,—,12-bit, 2 ch.,true,SW,AES; LCD; Low Power; RTC,QFP100,14x14 mm,,2,,,true,,
EFM32G890F128-BGA112,ARM Cortex-M3,32,128,16,90,I2C; SPI; UART; 3 x USART,3,—,±2%,12-bit, 8-ch., 1 Msps,—,12-bit, 2 ch.,true,SW,AES; LCD; Low Power; RTC,BGA112,10x10 mm,,2,,,true,,
EFM32G890F32-BGA112,ARM Cortex-M3,32,32,8,90,I2C; SPI; UART; 3 x USART,3,—,±2%,12-bit, 8-ch., 1 Msps,—,12-bit, 2 ch.,true,SW,AES; LCD; Low Power; RTC,BGA112,10x10 mm,,2,,,true,,
EFM32G890F64-BGA112,ARM Cortex-M3,32,64,16,90,I2C; SPI; UART; 3 x USART,3,—,±2%,12-bit, 8-ch., 1 Msps,—,12-bit, 2 ch.,true,SW,AES; LCD; Low Power; RTC,BGA112,10x10 mm,,2,,,true,,
EFM32GG230F1024-QFN64,ARM Cortex-M3,48,1024,128,56,2 x I2C; I2S; SPI; 3 x USART,4,—,±2%,12-bit, 8-ch., 1 Msps,—,12-bit, 2 ch.,true,ETM; SW,AES; Low Power; RTC,QFN64,9x9 mm,,2,,,true,,
EFM32GG230F512-QFN64,ARM Cortex-M3,48,512,128,56,2 x I2C; I2S; SPI; 3 x USART,4,—,±2%,12-bit, 8-ch., 1 Msps,—,12-bit, 2 ch.,true,ETM; SW,AES; Low Power; RTC,QFN64,9x9 mm,,2,,,true,,
EFM32GG232F1024-QFP64,ARM Cortex-M3,48,1024,128,53,2 x I2C; I2S; SPI; 3 x USART,4,—,±2%,12-bit, 8-ch., 1 Msps,—,12-bit, 2 ch.,true,ETM; SW,AES; Low Power; RTC,QFP64,10x10 mm,,2,,,true,,
EFM32GG232F512-QFP64,ARM Cortex-M3,48,512,128,53,2 x I2C; I2S; SPI; 3 x USART,4,—,±2%,12-bit, 8-ch., 1 Msps,—,12-bit, 2 ch.,true,ETM; SW,AES; Low Power; RTC,QFP64,10x10 mm,,2,,,true,,
EFM32GG280F1024-QFP100,ARM Cortex-M3,48,1024,128,86,2 x I2C; I2S; SPI; 2 x UART; 3 x USART,4,—,±2%,12-bit, 8-ch., 1 Msps,—,12-bit, 2 ch.,true,ETM; SW,AES; Low Power; RTC,QFP100,14x14 mm,,2,,,true,,
EFM32GG280F512-QFP100,ARM Cortex-M3,48,512,128,86,2 x I2C; I2S; SPI; 2 x UART; 3 x USART,4,—,±2%,12-bit, 8-ch., 1 Msps,—,12-bit, 2 ch.,true,ETM; SW,AES; Low Power; RTC,QFP100,14x14 mm,,2,,,true,,
EFM32GG290F1024-BGA112,ARM Cortex-M3,48,1024,128,90,2 x I2C; I2S; SPI; 2 x UART; 3 x USART,4,—,±2%,12-bit, 8-ch., 1 Msps,—,12-bit, 2 ch.,true,ETM; SW,AES; Low Power; RTC,BGA112,10x10 mm,,2,,,true,,
EFM32GG290F512-BGA112,ARM Cortex-M3,48,512,128,90,2 x I2C; I2S; SPI; 2 x UART; 3 x USART,4,—,±2%,12-bit, 8-ch., 1 Msps,—,12-bit, 2 ch.,true,ETM; SW,AES; Low Power; RTC,BGA112,10x10 mm,,2,,,true,,
EFM32GG295F1024-BGA120,ARM Cortex-M3,48,1024,128,93,2 x I2C; I2S; SPI; 2 x UART; 3 x USART,4,—,±2%,12-bit, 8-ch., 1 Msps,—,12-bit, 2 ch.,true,ETM; SW,AES; Low Power; RTC,BGA120,7x7 mm,,2,,,true,,
EFM32GG295F512-BGA120,ARM Cortex-M3,48,512,128,93,2 x I2C; I2S; SPI; 2 x UART; 3 x USART,4,—,±2%,12-bit, 8-ch., 1 Msps,—,12-bit, 2 ch.,true,ETM; SW,AES; Low Power; RTC,BGA120,7x7 mm,,2,,,true,,
EFM32GG330F1024-QFN64,ARM Cortex-M3,48,1024,128,53,2 x I2C; I2S; SPI; 3 x USART; USB,4,—,±2%,12-bit, 8-ch., 1 Msps,—,12-bit, 2 ch.,true,ETM; SW,AES; Low Power; RTC,QFN64,9x9 mm,,2,,,true,,
EFM32GG330F512-QFN64,ARM Cortex-M3,48,512,128,53,2 x I2C; I2S; SPI; 3 x USART; USB,4,—,±2%,12-bit, 8-ch., 1 Msps,—,12-bit, 2 ch.,true,ETM; SW,AES; Low Power; RTC,QFN64,9x9 mm,,2,,,true,,
EFM32GG332F1024-QFP64,ARM Cortex-M3,48,1024,128,50,2 x I2C; I2S; SPI; 3 x USART; USB,4,—,±2%,12-bit, 8-ch., 1 Msps,—,12-bit, 2 ch.,true,ETM; SW,AES; Low Power; RTC,QFP64,10x10 mm,,1,,,true,,
EFM32GG332F512-QFP64,ARM Cortex-M3,48,512,128,50,2 x I2C; I2S; SPI; 3 x USART; USB,4,—,±2%,12-bit, 8-ch., 1 Msps,—,12-bit, 2 ch.,true,ETM; SW,AES; Low Power; RTC,QFP64,10x10 mm,,1,,,true,,
EFM32GG380F1024-QFP100,ARM Cortex-M3,48,1024,128,83,2 x I2C; I2S; SPI; 2 x UART; 3 x USART; USB,4,—,±2%,12-bit, 8-ch., 1 Msps,—,12-bit, 2 ch.,true,ETM; SW,AES; Low Power; RTC,QFP100,14x14 mm,,2,,,true,,
EFM32GG380F512-QFP100,ARM Cortex-M3,48,512,128,83,2 x I2C; I2S; SPI; 2 x UART; 3 x USART; USB,4,—,±2%,12-bit, 8-ch., 1 Msps,—,12-bit, 2 ch.,true,ETM; SW,AES; Low Power; RTC,QFP100,14x14 mm,,2,,,true,,
EFM32GG390F1024-BGA112,ARM Cortex-M3,48,1024,128,87,2 x I2C; I2S; SPI; 2 x UART; 3 x USART; USB,4,—,±2%,12-bit, 8-ch., 1 Msps,—,12-bit, 2 ch.,true,ETM; SW,AES; Low Power; RTC,BGA112,10x10 mm,,2,,,true,,
EFM32GG390F512-BGA112,ARM Cortex-M3,48,512,128,87,2 x I2C; I2S; SPI; 2 x UART; 3 x USART; USB,4,—,±2%,12-bit, 8-ch., 1 Msps,—,12-bit, 2 ch.,true,ETM; SW,AES; Low Power; RTC,BGA112,10x10 mm,,2,,,true,,
EFM32GG395F1024-BGA120,ARM Cortex-M3,48,1024,128,93,2 x I2C; I2S; SPI; 2 x UART; 3 x USART; USB,4,—,±2%,12-bit, 8-ch., 1 Msps,—,12-bit, 2 ch.,true,ETM; SW,AES; Low Power; RTC,BGA120,7x7 mm,,2,,,true,,
EFM32GG395F512-BGA120,ARM Cortex-M3,48,512,128,93,2 x I2C; I2S; SPI; 2 x UART; 3 x USART; USB,4,—,±2%,12-bit, 8-ch., 1 Msps,—,12-bit, 2 ch.,true,ETM; SW,AES; Low Power; RTC,BGA120,7x7 mm,,2,,,true,,
EFM32GG840F1024-QFN64,ARM Cortex-M3,48,1024,128,56,2 x I2C; I2S; SPI; 3 x USART,4,—,±2%,12-bit, 8-ch., 1 Msps,—,12-bit, 2 ch.,true,ETM; SW,AES; LCD; Low Power; RTC,QFN64,9x9 mm,,2,,,true,,
EFM32GG840F512-QFN64,ARM Cortex-M3,48,512,128,56,2 x I2C; I2S; SPI; 3 x USART,4,—,±2%,12-bit, 8-ch., 1 Msps,—,12-bit, 2 ch.,true,ETM; SW,AES; LCD; Low Power; RTC,QFN64,9x9 mm,,2,,,true,,
EFM32GG842F1024-QFP64,ARM Cortex-M3,48,1024,128,53,2 x I2C; I2S; SPI; 3 x USART,4,—,±2%,12-bit, 8-ch., 1 Msps,—,12-bit, 2 ch.,true,ETM; SW,AES; LCD; Low Power; RTC,QFP64,10x10 mm,,2,,,true,,
EFM32GG842F512-QFP64,ARM Cortex-M3,48,512,128,53,2 x I2C; I2S; SPI; 3 x USART,4,—,±2%,12-bit, 8-ch., 1 Msps,—,12-bit, 2 ch.,true,ETM; SW,AES; LCD; Low Power; RTC,QFP64,10x10 mm,,2,,,true,,
EFM32GG880F1024-QFP100,ARM Cortex-M3,48,1024,128,86,2 x I2C; I2S; SPI; 2 x UART; 3 x USART,4,—,±2%,12-bit, 8-ch., 1 Msps,—,12-bit, 2 ch.,true,ETM; SW,AES; LCD; Low Power; RTC,QFP100,14x14 mm,,2,,,true,,
EFM32GG880F512-QFP100,ARM Cortex-M3,48,512,128,86,2 x I2C; I2S; SPI; 2 x UART; 3 x USART,4,—,±2%,12-bit, 8-ch., 1 Msps,—,12-bit, 2 ch.,true,ETM; SW,AES; LCD; Low Power; RTC,QFP100,14x14 mm,,2,,,true,,
EFM32GG890F1024-BGA112,ARM Cortex-M3,48,1024,128,90,2 x I2C; I2S; SPI; 2 x UART; 3 x USART,4,—,±2%,12-bit, 8-ch., 1 Msps,—,12-bit, 2 ch.,true,ETM; SW,AES; LCD; Low Power; RTC,BGA112,10x10 mm,,2,,,true,,
EFM32GG890F512-BGA112,ARM Cortex-M3,48,512,128,90,2 x I2C; I2S; SPI; 2 x UART; 3 x USART,4,—,±2%,12-bit, 8-ch., 1 Msps,—,12-bit, 2 ch.,true,ETM; SW,AES; LCD; Low Power; RTC,BGA112,10x10 mm,,2,,,true,,
EFM32GG895F1024-BGA120,ARM Cortex-M3,48,1024,128,93,2 x I2C; I2S; SPI; 2 x UART; 3 x USART,4,—,±2%,12-bit, 8-ch., 1 Msps,—,12-bit, 2 ch.,true,ETM; SW,AES; LCD; Low Power; RTC,BGA120,7x7 mm,,2,,,true,,
EFM32GG895F512-BGA120,ARM Cortex-M3,48,512,128,93,2 x I2C; I2S; SPI; 2 x UART; 3 x USART,4,—,±2%,12-bit, 8-ch., 1 Msps,—,12-bit, 2 ch.,true,ETM; SW,AES; LCD; Low Power; RTC,BGA120,7x7 mm,,2,,,true,,
EFM32GG940F1024-QFN64,ARM Cortex-M3,48,1024,128,53,2 x I2C; I2S; SPI; 3 x USART; USB,4,—,±2%,12-bit, 8-ch., 1 Msps,—,12-bit, 2 ch.,true,ETM; SW,AES; LCD; Low Power; RTC,QFN64,9x9 mm,,1,,,true,,
EFM32GG940F512-QFN64,ARM Cortex-M3,48,512,128,53,2 x I2C; I2S; SPI; 3 x USART; USB,4,—,±2%,12-bit, 8-ch., 1 Msps,—,12-bit, 2 ch.,true,ETM; SW,AES; LCD; Low Power; RTC,QFN64,9x9 mm,,1,,,true,,
EFM32GG942F1024-QFP64,ARM Cortex-M3,48,1024,128,50,2 x I2C; I2S; SPI; 3 x USART; USB,4,—,±2%,12-bit, 8-ch., 1 Msps,—,12-bit, 2 ch.,true,ETM; SW,AES; LCD; Low Power; RTC,QFP64,10x10 mm,,1,,,true,,
EFM32GG942F512-QFP64,ARM Cortex-M3,48,512,128,50,2 x I2C; I2S; SPI; 3 x USART; USB,4,—,±2%,12-bit, 8-ch., 1 Msps,—,12-bit, 2 ch.,true,ETM; SW,AES; LCD; Low Power; RTC,QFP64,10x10 mm,,1,,,true,,
EFM32GG980F1024-QFP100,ARM Cortex-M3,48,1024,128,83,2 x I2C; I2S; SPI; 2 x UART; 3 x USART; USB,4,—,±2%,12-bit, 8-ch., 1 Msps,—,12-bit, 2 ch.,true,ETM; SW,AES; LCD; Low Power; RTC,QFP100,14x14 mm,,2,,,true,,
EFM32GG980F512-QFP100,ARM Cortex-M3,48,512,128,83,2 x I2C; I2S; SPI; 2 x UART; 3 x USART; USB,4,—,±2%,12-bit, 8-ch., 1 Msps,—,12-bit, 2 ch.,true,ETM; SW,AES; LCD; Low Power; RTC,QFP100,14x14 mm,,2,,,true,,
EFM32GG990F1024-BGA112,ARM Cortex-M3,48,1024,128,87,2 x I2C; I2S; SPI; 2 x UART; 3 x USART; USB,4,—,±2%,12-bit, 8-ch., 1 Msps,—,12-bit, 2 ch.,true,ETM; SW,AES; LCD; Low Power; RTC,BGA112,10x10 mm,,2,,,true,,
EFM32GG990F512-BGA112,ARM Cortex-M3,48,512,128,87,2 x I2C; I2S; SPI; 2 x UART; 3 x USART; USB,4,—,±2%,12-bit, 8-ch., 1 Msps,—,12-bit, 2 ch.,true,ETM; SW,AES; LCD; Low Power; RTC,BGA112,10x10 mm,,2,,,true,,
EFM32GG995F1024-BGA120,ARM Cortex-M3,48,1024,128,93,2 x I2C; I2S; SPI; 2 x UART; 3 x USART; USB,4,—,±2%,12-bit, 8-ch., 1 Msps,—,12-bit, 2 ch.,true,ETM; SW,AES; LCD; Low Power; RTC,BGA120,7x7 mm,,2,,,true,,
EFM32GG995F512-BGA120,ARM Cortex-M3,48,512,128,93,2 x I2C; I2S; SPI; 2 x UART; 3 x USART; USB,4,—,±2%,12-bit, 8-ch., 1 Msps,—,12-bit, 2 ch.,true,ETM; SW,AES; LCD; Low Power; RTC,BGA120,7x7 mm,,2,,,true,,
EFM32HG108F32-QFN24,ARM Cortex-M0+,25,32,4,17,I2C; I2S; SPI; 2 x USART,3,—,±2%,—,—,—,true,MTB; SW,Low Power; RTC,QFN24,5x5 mm,,1,,,true,,,,,
EFM32HG108F64-QFN24,ARM Cortex-M0+,25,64,8,17,I2C; I2S; SPI; 2 x USART,3,—,±2%,—,—,—,true,MTB; SW,Low Power; RTC,QFN24,5x5 mm,,1,,,true,,,,,
EFM32HG110F32-QFN24,ARM Cortex-M0+,25,32,4,17,I2C; I2S; SPI; 2 x USART,3,—,±2%,12-bit, 2-ch., 1 Msps,—,—,true,MTB; SW,AES; Low Power; RTC,QFN24,5x5 mm,,1,,,true,,,
EFM32HG110F64-QFN24,ARM Cortex-M0+,25,64,8,17,I2C; I2S; SPI; 2 x USART,3,—,±2%,12-bit, 2-ch., 1 Msps,—,—,true,MTB; SW,AES; Low Power; RTC,QFN24,5x5 mm,,1,,,true,,,
EFM32HG210F32-QFN32,ARM Cortex-M0+,25,32,4,24,I2C; I2S; SPI; 2 x USART,3,—,±2%,12-bit, 4-ch., 1 Msps,—,—,true,MTB; SW,AES; Low Power; RTC,QFN32,6x6 mm,,1,,,true,,,
EFM32HG210F64-QFN32,ARM Cortex-M0+,25,64,8,24,I2C; I2S; SPI; 2 x USART,3,—,±2%,12-bit, 4-ch., 1 Msps,—,—,true,MTB; SW,AES; Low Power; RTC,QFN32,6x6 mm,,1,,,true,,,
EFM32HG222F32-QFP48,ARM Cortex-M0+,25,32,4,37,I2C; I2S; SPI; 2 x USART,3,—,±2%,12-bit, 4-ch., 1 Msps,—,—,true,MTB; SW,AES; Low Power; RTC,QFP48,7x7 mm,,1,,,true,,,
EFM32HG222F64-QFP48,ARM Cortex-M0+,25,64,8,37,I2C; I2S; SPI; 2 x USART,3,—,±2%,12-bit, 4-ch., 1 Msps,—,—,true,MTB; SW,AES; Low Power; RTC,QFP48,7x7 mm,,1,,,true,,,
EFM32HG308F32-QFN24,ARM Cortex-M0+,25,32,8,15,I2C; I2S; SPI; 2 x USART; USB,3,—,±2%,—,—,—,true,MTB; SW,Low Power; RTC,QFN24,5x5 mm,,1,,,true,,,,,
EFM32HG308F64-QFN24,ARM Cortex-M0+,25,64,8,15,I2C; I2S; SPI; 2 x USART; USB,3,—,±2%,—,—,—,true,MTB; SW,Low Power; RTC,QFN24,5x5 mm,,1,,,true,,,,,
EFM32HG309F32-QFN24,ARM Cortex-M0+,25,32,8,15,I2C; I2S; SPI; 2 x USART; USB,3,—,±2%,12-bit, 2-ch., 1 Msps,—,—,true,MTB; SW,AES; Low Power; RTC,QFN24,5x5 mm,,1,,,true,,,
EFM32HG309F64-QFN24,ARM Cortex-M0+,25,64,8,15,I2C; I2S; SPI; 2 x USART; USB,3,—,±2%,12-bit, 2-ch., 1 Msps,—,—,true,MTB; SW,AES; Low Power; RTC,QFN24,5x5 mm,,1,,,true,,,
EFM32HG310F32-QFN32,ARM Cortex-M0+,25,32,8,22,I2C; I2S; SPI; 2 x USART; USB,3,—,±2%,12-bit, 4-ch., 1 Msps,—,—,true,MTB; SW,AES; Low Power; RTC,QFN32,6x6 mm,,1,,,true,,,
EFM32HG310F64-QFN32,ARM Cortex-M0+,25,64,8,22,I2C; I2S; SPI; 2 x USART; USB,3,—,±2%,12-bit, 4-ch., 1 Msps,—,—,true,MTB; SW,AES; Low Power; RTC,QFN32,6x6 mm,,1,,,true,,,
EFM32HG321F32-QFP48,ARM Cortex-M0+,25,32,8,35,I2C; I2S; SPI; 2 x USART; USB,3,—,±2%,12-bit, 4-ch., 1 Msps,—,—,true,MTB; SW,Low Power; RTC,QFP48,7x7 mm,,1,,,true,,,
EFM32HG321F64-QFP48,ARM Cortex-M0+,25,64,8,35,I2C; I2S; SPI; 2 x USART; USB,3,—,±2%,12-bit, 4-ch., 1 Msps,—,—,true,MTB; SW,Low Power; RTC,QFP48,7x7 mm,,1,,,true,,,
EFM32HG322F32-QFP48,ARM Cortex-M0+,25,32,8,35,I2C; I2S; SPI; 2 x USART; USB,3,—,±2%,12-bit, 4-ch., 1 Msps,—,—,true,MTB; SW,AES; Low Power; RTC,QFP48,7x7 mm,,1,,,true,,,
EFM32HG322F64-QFP48,ARM Cortex-M0+,25,64,8,35,I2C; I2S; SPI; 2 x USART; USB,3,—,±2%,12-bit, 4-ch., 1 Msps,—,—,true,MTB; SW,AES; Low Power; RTC,QFP48,7x7 mm,,1,,,true,,,
EFM32HG350F32-CSP36,ARM Cortex-M0+,25,32,8,22,I2C; I2S; SPI; 2 x USART; USB,3,—,±2%,12-bit, 4-ch., 1 Msps,—,—,true,MTB; SW,AES; Low Power; RTC,CSP36,3x3 mm,,—,,,true,,,
EFM32HG350F64-CSP36,ARM Cortex-M0+,25,64,8,22,I2C; I2S; SPI; 2 x USART; USB,3,—,±2%,12-bit, 4-ch., 1 Msps,—,—,true,MTB; SW,AES; Low Power; RTC,CSP36,3x3 mm,,1,,,true,,,
EFM32JG1B100F128GM32,ARM Cortex-M3,40,128,32,24,I2C; I2S; SPI; UART; 2 x USART,2,—,±2%,12-bit, 24-ch., 1 Msps,—,—,true,JTAG; SW,iDAC; Low Power; RTCC,QFN32,5x5 mm,,2,,,true,,,
EFM32JG1B100F256GM32,ARM Cortex-M3,40,256,32,24,I2C; I2S; SPI; UART; 2 x USART,2,—,±2%,12-bit, 24-ch., 1 Msps,—,—,true,JTAG; SW,iDAC; Low Power; RTCC,QFN32,5x5 mm,,2,,,true,,,
EFM32JG1B200F128GM32,ARM Cortex-M3,40,128,32,20,I2C; I2S; SPI; UART; 2 x USART,2,—,±2%,12-bit, 20-ch., 1 Msps,—,—,true,JTAG; SW,iDAC; Low Power; RTCC,QFN32,5x5 mm,,2,,,true,,,
EFM32JG1B200F128GM48,ARM Cortex-M3,40,128,32,32,I2C; I2S; SPI; UART; 2 x USART,2,—,±2%,12-bit, 24-ch., 1 Msps,—,—,true,JTAG; SW,iDAC; Low Power; RTCC,QFN48,7x7 mm,,2,,,true,,,
EFM32JG1B200F256GM32,ARM Cortex-M3,40,256,32,20,I2C; I2S; SPI; UART; 2 x USART,2,—,±2%,12-bit, 20-ch., 1 Msps,—,—,true,JTAG; SW,iDAC; Low Power; RTCC,QFN32,5x5 mm,,2,,,true,,,
EFM32JG1B200F256GM48,ARM Cortex-M3,40,256,32,32,I2C; I2S; SPI; UART; 2 x USART,2,—,±2%,12-bit, 24-ch., 1 Msps,—,—,true,JTAG; SW,iDAC; Low Power; RTCC,QFN48,7x7 mm,,2,,,true,,,
EFM32LG230F128-QFN64,ARM Cortex-M3,48,128,32,56,2 x I2C; I2S; SPI; 3 x USART,4,—,±2%,12-bit, 8-ch., 1 Msps,—,12-bit, 2 ch.,true,ETM; SW,AES; Low Power; RTC,QFN64,9x9 mm,,2,,,true,,
EFM32LG230F256-QFN64,ARM Cortex-M3,48,256,32,56,2 x I2C; I2S; SPI; 3 x USART,4,—,±2%,12-bit, 8-ch., 1 Msps,—,12-bit, 2 ch.,true,ETM; SW,AES; Low Power; RTC,QFN64,9x9 mm,,2,,,true,,
EFM32LG230F64-QFN64,ARM Cortex-M3,48,64,32,56,2 x I2C; I2S; SPI; 3 x USART,4,—,±2%,12-bit, 8-ch., 1 Msps,—,12-bit, 2 ch.,true,ETM; SW,AES; Low Power; RTC,QFN64,9x9 mm,,2,,,true,,
EFM32LG232F128-QFP64,ARM Cortex-M3,48,128,32,53,2 x I2C; I2S; SPI; 3 x USART,4,—,±2%,12-bit, 8-ch., 1 Msps,—,12-bit, 2 ch.,true,ETM; SW,AES; Low Power; RTC,QFP64,10x10 mm,,2,,,true,,
EFM32LG232F256-QFP64,ARM Cortex-M3,48,256,32,53,2 x I2C; I2S; SPI; 3 x USART,4,—,±2%,12-bit, 8-ch., 1 Msps,—,12-bit, 2 ch.,true,ETM; SW,AES; Low Power; RTC,QFP64,10x10 mm,,2,,,true,,
EFM32LG232F64-QFP64,ARM Cortex-M3,48,64,32,53,2 x I2C; I2S; SPI; 3 x USART,4,—,±2%,12-bit, 8-ch., 1 Msps,—,12-bit, 2 ch.,true,ETM; SW,AES; Low Power; RTC,QFP64,10x10 mm,,2,,,true,,
EFM32LG280F128-QFP100,ARM Cortex-M3,48,128,32,86,2 x I2C; I2S; SPI; 2 x UART; 3 x USART,4,—,±2%,12-bit, 8-ch., 1 Msps,—,12-bit, 2 ch.,true,ETM; SW,AES; Low Power; RTC,QFP100,14x14 mm,,2,,,true,,
EFM32LG280F256-QFP100,ARM Cortex-M3,48,256,32,86,2 x I2C; I2S; SPI; 2 x UART; 3 x USART,4,—,±2%,12-bit, 8-ch., 1 Msps,—,12-bit, 2 ch.,true,ETM; SW,AES; Low Power; RTC,QFP100,14x14 mm,,2,,,true,,
EFM32LG280F64-QFP100,ARM Cortex-M3,48,64,32,86,2 x I2C; I2S; SPI; 2 x UART; 3 x USART,4,—,±2%,12-bit, 8-ch., 1 Msps,—,12-bit, 2 ch.,true,ETM; SW,AES; Low Power; RTC,QFP100,14x14 mm,,2,,,true,,
EFM32LG290F128-BGA112,ARM Cortex-M3,48,128,32,90,2 x I2C; I2S; SPI; 2 x UART; 3 x USART,4,—,±2%,12-bit, 8-ch., 1 Msps,—,12-bit, 2 ch.,true,ETM; SW,AES; Low Power; RTC,BGA112,10x10 mm,,2,,,true,,
EFM32LG290F256-BGA112,ARM Cortex-M3,48,256,32,90,2 x I2C; I2S; SPI; 2 x UART; 3 x USART,4,—,±2%,12-bit, 8-ch., 1 Msps,—,12-bit, 2 ch.,true,ETM; SW,AES; Low Power; RTC,BGA112,10x10 mm,,2,,,true,,
EFM32LG290F64-BGA112,ARM Cortex-M3,48,64,32,90,2 x I2C; I2S; SPI; 2 x UART; 3 x USART,4,—,±2%,12-bit, 8-ch., 1 Msps,—,12-bit, 2 ch.,true,ETM; SW,AES; Low Power; RTC,BGA112,10x10 mm,,2,,,true,,
EFM32LG295F128-BGA120,ARM Cortex-M3,48,128,32,93,2 x I2C; I2S; SPI; 2 x UART; 3 x USART,4,—,±2%,12-bit, 8-ch., 1 Msps,—,12-bit, 2 ch.,true,ETM; SW,AES; Low Power; RTC,BGA120,7x7 mm,,2,,,true,,
EFM32LG295F256-BGA120,ARM Cortex-M3,48,256,32,93,2 x I2C; I2S; SPI; 2 x UART; 3 x USART,4,—,±2%,12-bit, 8-ch., 1 Msps,—,12-bit, 2 ch.,true,ETM; SW,AES; Low Power; RTC,BGA120,7x7 mm,,2,,,true,,
EFM32LG295F64-BGA120,ARM Cortex-M3,48,64,32,93,2 x I2C; I2S; SPI; 2 x UART; 3 x USART,4,—,±2%,12-bit, 8-ch., 1 Msps,—,12-bit, 2 ch.,true,ETM; SW,AES; Low Power; RTC,BGA120,7x7 mm,,2,,,true,,
EFM32LG330F128-QFN64,ARM Cortex-M3,48,128,32,53,2 x I2C; I2S; SPI; 3 x USART; USB,4,—,±2%,12-bit, 8-ch., 1 Msps,—,12-bit, 2 ch.,true,ETM; SW,AES; Low Power; RTC,QFN64,9x9 mm,,2,,,true,,
EFM32LG330F256-QFN64,ARM Cortex-M3,48,256,32,53,2 x I2C; I2S; SPI; 3 x USART; USB,4,—,±2%,12-bit, 8-ch., 1 Msps,—,12-bit, 2 ch.,true,ETM; SW,AES; Low Power; RTC,QFN64,9x9 mm,,2,,,true,,
EFM32LG330F64-QFN64,ARM Cortex-M3,48,64,32,53,2 x I2C; I2S; SPI; 3 x USART; USB,4,—,±2%,12-bit, 8-ch., 1 Msps,—,12-bit, 2 ch.,true,ETM; SW,AES; Low Power; RTC,QFN64,9x9 mm,,2,,,true,,
EFM32LG332F128-QFP64,ARM Cortex-M3,48,128,32,50,2 x I2C; I2S; SPI; 3 x USART; USB,4,—,±2%,12-bit, 8-ch., 1 Msps,—,12-bit, 2 ch.,true,ETM; SW,AES; Low Power; RTC,QFP64,10x10 mm,,1,,,true,,
EFM32LG332F256-QFP64,ARM Cortex-M3,48,256,32,50,2 x I2C; I2S; SPI; 3 x USART; USB,4,—,±2%,12-bit, 8-ch., 1 Msps,—,12-bit, 2 ch.,true,ETM; SW,AES; Low Power; RTC,QFP64,10x10 mm,,1,,,true,,
EFM32LG332F64-QFP64,ARM Cortex-M3,48,64,32,50,2 x I2C; I2S; SPI; 3 x USART; USB,4,—,±2%,12-bit, 8-ch., 1 Msps,—,12-bit, 2 ch.,true,ETM; SW,AES; Low Power; RTC,QFP64,10x10 mm,,1,,,true,,
EFM32LG360F128-CSP81,ARM Cortex-M3,48,128,32,65,2 x I2C; I2S; SPI; 2 x UART; 3 x USART; USB,4,—,±2%,12-bit, 8-ch., 1 Msps,—,12-bit, 2-ch.,true,ETM; SW,AES; Low Power; RTC,CSP81,4.4x4.3 mm,,2,,,true,,
EFM32LG360F256-CSP81,ARM Cortex-M3,48,256,32,65,2 x I2C; I2S; SPI; 2 x UART; 3 x USART; USB,4,—,±2%,12-bit, 8-ch., 1 Msps,—,12-bit, 2-ch.,true,ETM; SW,AES; Low Power; RTC,CSP81,4.4x4.3 mm,,2,,,true,,
EFM32LG360F64-CSP81,ARM Cortex-M3,48,64,32,65,2 x I2C; I2S; SPI; 2 x UART; 3 x USART; USB,4,—,±2%,12-bit, 8-ch., 1 Msps,—,12-bit, 2-ch.,true,ETM; SW,AES; Low Power; RTC,CSP81,4.4x4.3 mm,,2,,,true,,
EFM32LG380F128-QFP100,ARM Cortex-M3,48,128,32,83,2 x I2C; I2S; SPI; 2 x UART; 3 x USART; USB,4,—,±2%,12-bit, 8-ch., 1 Msps,—,12-bit, 2 ch.,true,ETM; SW,AES; Low Power; RTC,QFP100,14x14 mm,,2,,,true,,
EFM32LG380F256-QFP100,ARM Cortex-M3,48,256,32,83,2 x I2C; I2S; SPI; 2 x UART; 3 x USART; USB,4,—,±2%,12-bit, 8-ch., 1 Msps,—,12-bit, 2 ch.,true,ETM; SW,AES; Low Power; RTC,QFP100,14x14 mm,,2,,,true,,
EFM32LG380F64-QFP100,ARM Cortex-M3,48,64,32,83,2 x I2C; I2S; SPI; 2 x UART; 3 x USART; USB,4,—,±2%,12-bit, 8-ch., 1 Msps,—,12-bit, 2 ch.,true,ETM; SW,AES; Low Power; RTC,QFP100,14x14 mm,,2,,,true,,
EFM32LG390F128-BGA112,ARM Cortex-M3,48,128,32,87,2 x I2C; I2S; SPI; 2 x UART; 3 x USART; USB,4,—,±2%,12-bit, 8-ch., 1 Msps,—,12-bit, 2 ch.,true,ETM; SW,AES; Low Power; RTC,BGA112,10x10 mm,,2,,,true,,
EFM32LG390F256-BGA112,ARM Cortex-M3,48,256,32,87,2 x I2C; I2S; SPI; 2 x UART; 3 x USART; USB,4,—,±2%,12-bit, 8-ch., 1 Msps,—,12-bit, 2 ch.,true,ETM; SW,AES; Low Power; RTC,BGA112,10x10 mm,,2,,,true,,
EFM32LG390F64-BGA112,ARM Cortex-M3,48,64,32,87,2 x I2C; I2S; SPI; 2 x UART; 3 x USART; USB,4,—,±2%,12-bit, 8-ch., 1 Msps,—,12-bit, 2 ch.,true,ETM; SW,AES; Low Power; RTC,BGA112,10x10 mm,,2,,,true,,
EFM32LG395F128-BGA120,ARM Cortex-M3,48,128,32,93,2 x I2C; I2S; SPI; 2 x UART; 3 x USART; USB,4,—,±2%,12-bit, 8-ch., 1 Msps,—,12-bit, 2 ch.,true,ETM; SW,AES; Low Power; RTC,BGA120,7x7 mm,,2,,,true,,
EFM32LG395F256-BGA120,ARM Cortex-M3,48,256,32,93,2 x I2C; I2S; SPI; 2 x UART; 3 x USART; USB,4,—,±2%,12-bit, 8-ch., 1 Msps,—,12-bit, 2 ch.,true,ETM; SW,AES; Low Power; RTC,BGA120,7x7 mm,,2,,,true,,
EFM32LG395F64-BGA120,ARM Cortex-M3,48,64,32,93,2 x I2C; I2S; SPI; 2 x UART; 3 x USART; USB,4,—,±2%,12-bit, 8-ch., 1 Msps,—,12-bit, 2 ch.,true,ETM; SW,AES; Low Power; RTC,BGA120,7x7 mm,,2,,,true,,
EFM32LG840F128-QFN64,ARM Cortex-M3,48,128,32,56,2 x I2C; I2S; SPI; 3 x USART,4,—,±2%,12-bit, 8-ch., 1 Msps,—,12-bit, 2 ch.,true,ETM; SW,AES; LCD; Low Power; RTC,QFN64,9x9 mm,,2,,,true,,
EFM32LG840F256-QFN64,ARM Cortex-M3,48,256,32,56,2 x I2C; I2S; SPI; 3 x USART,4,—,±2%,12-bit, 8-ch., 1 Msps,—,12-bit, 2 ch.,true,ETM; SW,AES; LCD; Low Power; RTC,QFN64,9x9 mm,,2,,,true,,
EFM32LG840F64-QFN64,ARM Cortex-M3,48,64,32,56,2 x I2C; I2S; SPI; 3 x USART,4,—,±2%,12-bit, 8-ch., 1 Msps,—,12-bit, 2 ch.,true,ETM; SW,AES; LCD; Low Power; RTC,QFN64,9x9 mm,,2,,,true,,
EFM32LG842F128-QFP64,ARM Cortex-M3,48,128,32,53,2 x I2C; I2S; SPI; 3 x USART,4,—,±2%,12-bit, 8-ch., 1 Msps,—,12-bit, 2 ch.,true,ETM; SW,AES; LCD; Low Power; RTC,QFP64,10x10 mm,,2,,,true,,
EFM32LG842F256-QFP64,ARM Cortex-M3,48,256,32,53,2 x I2C; I2S; SPI; 3 x USART,4,—,±2%,12-bit, 8-ch., 1 Msps,—,12-bit, 2 ch.,true,ETM; SW,AES; LCD; Low Power; RTC,QFP64,10x10 mm,,2,,,true,,
EFM32LG842F64-QFP64,ARM Cortex-M3,48,64,32,53,2 x I2C; I2S; SPI; 3 x USART,4,—,±2%,12-bit, 8-ch., 1 Msps,—,12-bit, 2 ch.,true,ETM; SW,AES; LCD; Low Power; RTC,QFP64,10x10 mm,,2,,,true,,
EFM32LG880F128-QFP100,ARM Cortex-M3,48,128,32,86,2 x I2C; I2S; SPI; 2 x UART; 3 x USART,4,—,±2%,12-bit, 8-ch., 1 Msps,—,12-bit, 2 ch.,true,ETM; SW,AES; LCD; Low Power; RTC,QFP100,14x14 mm,,2,,,true,,
EFM32LG880F256-QFP100,ARM Cortex-M3,48,256,32,86,2 x I2C; I2S; SPI; 2 x UART; 3 x USART,4,—,±2%,12-bit, 8-ch., 1 Msps,—,12-bit, 2 ch.,true,ETM; SW,AES; LCD; Low Power; RTC,QFP100,14x14 mm,,2,,,true,,
EFM32LG880F64-QFP100,ARM Cortex-M3,48,64,32,86,2 x I2C; I2S; SPI; 2 x UART; 3 x USART,4,—,±2%,12-bit, 8-ch., 1 Msps,—,12-bit, 2 ch.,true,ETM; SW,AES; LCD; Low Power; RTC,QFP100,14x14 mm,,2,,,true,,
EFM32LG890F128-BGA112,ARM Cortex-M3,48,128,32,90,2 x I2C; I2S; SPI; 2 x UART; 3 x USART,4,—,±2%,12-bit, 8-ch., 1 Msps,—,12-bit, 2 ch.,true,ETM; SW,AES; LCD; Low Power; RTC,BGA112,10x10 mm,,2,,,true,,
EFM32LG890F256-BGA112,ARM Cortex-M3,48,256,32,90,2 x I2C; I2S; SPI; 2 x UART; 3 x USART,4,—,±2%,12-bit, 8-ch., 1 Msps,—,12-bit, 2 ch.,true,ETM; SW,AES; LCD; Low Power; RTC,BGA112,10x10 mm,,2,,,true,,
EFM32LG890F64-BGA112,ARM Cortex-M3,48,64,32,90,2 x I2C; I2S; SPI; 2 x UART; 3 x USART,4,—,±2%,12-bit, 8-ch., 1 Msps,—,12-bit, 2 ch.,true,ETM; SW,AES; LCD; Low Power; RTC,BGA112,10x10 mm,,2,,,true,,
EFM32LG895F128-BGA120,ARM Cortex-M3,48,128,32,93,2 x I2C; I2S; SPI; 2 x UART; 3 x USART,4,—,±2%,12-bit, 8-ch., 1 Msps,—,12-bit, 2 ch.,true,ETM; SW,AES; LCD; Low Power; RTC,BGA120,7x7 mm,,2,,,true,,
EFM32LG895F256-BGA120,ARM Cortex-M3,48,256,32,93,2 x I2C; I2S; SPI; 2 x UART; 3 x USART,4,—,±2%,12-bit, 8-ch., 1 Msps,—,12-bit, 2 ch.,true,ETM; SW,AES; LCD; Low Power; RTC,BGA120,7x7 mm,,2,,,true,,
EFM32LG895F64-BGA120,ARM Cortex-M3,48,64,32,93,2 x I2C; I2S; SPI; 2 x UART; 3 x USART,4,—,±2%,12-bit, 8-ch., 1 Msps,—,12-bit, 2 ch.,true,ETM; SW,AES; LCD; Low Power; RTC,BGA120,7x7 mm,,2,,,true,,
EFM32LG940F128-QFN64,ARM Cortex-M3,48,128,32,53,2 x I2C; I2S; SPI; 3 x USART; USB,4,—,±2%,12-bit, 8-ch., 1 Msps,—,12-bit, 2 ch.,true,ETM; SW,AES; LCD; Low Power; RTC,QFN64,9x9 mm,,1,,,true,,
EFM32LG940F256-QFN64,ARM Cortex-M3,48,256,32,53,2 x I2C; I2S; SPI; 3 x USART; USB,4,—,±2%,12-bit, 8-ch., 1 Msps,—,12-bit, 2 ch.,true,ETM; SW,AES; LCD; Low Power; RTC,QFN64,9x9 mm,,1,,,true,,
EFM32LG940F64-QFN64,ARM Cortex-M3,48,64,32,53,2 x I2C; I2S; SPI; 3 x USART; USB,4,—,±2%,12-bit, 8-ch., 1 Msps,—,12-bit, 2 ch.,true,ETM; SW,AES; LCD; Low Power; RTC,QFN64,9x9 mm,,1,,,true,,
EFM32LG942F128-QFP64,ARM Cortex-M3,48,128,32,50,2 x I2C; I2S; SPI; 3 x USART; USB,4,—,±2%,12-bit, 8-ch., 1 Msps,—,12-bit, 2 ch.,true,ETM; SW,AES; LCD; Low Power; RTC,QFP64,10x10 mm,,1,,,true,,
EFM32LG942F256-QFP64,ARM Cortex-M3,48,256,32,50,2 x I2C; I2S; SPI; 3 x USART; USB,4,—,±2%,12-bit, 8-ch., 1 Msps,—,12-bit, 2 ch.,true,ETM; SW,AES; LCD; Low Power; RTC,QFP64,10x10 mm,,1,,,true,,
EFM32LG942F64-QFP64,ARM Cortex-M3,48,64,32,50,2 x I2C; I2S; SPI; 3 x USART; USB,4,—,±2%,12-bit, 8-ch., 1 Msps,—,12-bit, 2 ch.,true,ETM; SW,AES; LCD; Low Power; RTC,QFP64,10x10 mm,,1,,,true,,
EFM32LG980F128-QFP100,ARM Cortex-M3,48,128,32,83,2 x I2C; I2S; SPI; 2 x UART; 3 x USART; USB,4,—,±2%,12-bit, 8-ch., 1 Msps,—,12-bit, 2 ch.,true,ETM; SW,AES; LCD; Low Power; RTC,QFP100,14x14 mm,,2,,,true,,
EFM32LG980F256-QFP100,ARM Cortex-M3,48,256,32,83,2 x I2C; I2S; SPI; 2 x UART; 3 x USART; USB,4,—,±2%,12-bit, 8-ch., 1 Msps,—,12-bit, 2 ch.,true,ETM; SW,AES; LCD; Low Power; RTC,QFP100,14x14 mm,,2,,,true,,
EFM32LG980F64-QFP100,ARM Cortex-M3,48,64,32,83,2 x I2C; I2S; SPI; 2 x UART; 3 x USART; USB,4,—,±2%,12-bit, 8-ch., 1 Msps,—,12-bit, 2 ch.,true,ETM; SW,AES; LCD; Low Power; RTC,QFP100,14x14 mm,,2,,,true,,
EFM32LG990F128-BGA112,ARM Cortex-M3,48,128,32,87,2 x I2C; I2S; SPI; 2 x UART; 3 x USART; USB,4,—,±2%,12-bit, 8-ch., 1 Msps,—,12-bit, 2 ch.,true,ETM; SW,AES; LCD; Low Power; RTC,BGA112,10x10 mm,,2,,,true,,
EFM32LG990F256-BGA112,ARM Cortex-M3,48,256,32,87,2 x I2C; I2S; SPI; 2 x UART; 3 x USART; USB,4,—,±2%,12-bit, 8-ch., 1 Msps,—,12-bit, 2 ch.,true,ETM; SW,AES; LCD; Low Power; RTC,BGA112,10x10 mm,,2,,,true,,
EFM32LG990F64-BGA112,ARM Cortex-M3,48,64,32,87,2 x I2C; I2S; SPI; 2 x UART; 3 x USART; USB,4,—,±2%,12-bit, 8-ch., 1 Msps,—,12-bit, 2 ch.,true,ETM; SW,AES; LCD; Low Power; RTC,BGA112,10x10 mm,,2,,,true,,
EFM32LG995F128-BGA120,ARM Cortex-M3,48,128,32,93,2 x I2C; I2S; SPI; 2 x UART; 3 x USART; USB,4,—,±2%,12-bit, 8-ch., 1 Msps,—,12-bit, 2 ch.,true,ETM; SW,AES; LCD; Low Power; RTC,BGA120,7x7 mm,,2,,,true,,
EFM32LG995F256-BGA120,ARM Cortex-M3,48,256,32,93,2 x I2C; I2S; SPI; 2 x UART; 3 x USART; USB,4,—,±2%,12-bit, 8-ch., 1 Msps,—,12-bit, 2 ch.,true,ETM; SW,AES; LCD; Low Power; RTC,BGA120,7x7 mm,,2,,,true,,
EFM32LG995F64-BGA120,ARM Cortex-M3,48,64,32,93,2 x I2C; I2S; SPI; 2 x UART; 3 x USART; USB,4,—,±2%,12-bit, 8-ch., 1 Msps,—,12-bit, 2 ch.,true,ETM; SW,AES; LCD; Low Power; RTC,BGA120,7x7 mm,,2,,,true,,
EFM32PG1B100F128GM32,ARM Cortex-M4,40,128,32,24,I2C; I2S; SPI; UART; 2 x USART,2,—,±2%,12-bit, 24-ch., 1 Msps,—,—,true,JTAG; SW,iDAC; Low Power; RTCC,QFN32,5x5 mm,,2,,,true,,,
EFM32PG1B100F256GM32,ARM Cortex-M4,40,256,32,24,I2C; I2S; SPI; UART; 2 x USART,2,—,±2%,12-bit, 24-ch., 1 Msps,—,—,true,JTAG; SW,iDAC; Low Power; RTCC,QFN32,5x5 mm,,2,,,true,,,
EFM32PG1B200F128GM32,ARM Cortex-M4,40,128,32,20,I2C; I2S; SPI; UART; 2 x USART,2,—,±2%,12-bit, 20-ch., 1 Msps,—,—,true,JTAG; SW,iDAC; Low Power; RTCC,QFN32,5x5 mm,,2,,,true,,,
EFM32PG1B200F128GM48,ARM Cortex-M4,40,128,32,32,I2C; I2S; SPI; UART; 2 x USART,2,—,±2%,12-bit, 24-ch., 1 Msps,—,—,true,JTAG; SW,iDAC; Low Power; RTCC,QFN48,7x7 mm,,2,,,true,,,
EFM32PG1B200F256GM32,ARM Cortex-M4,40,256,32,20,I2C; I2S; SPI; UART; 2 x USART,2,—,±2%,12-bit, 20-ch., 1 Msps,—,—,true,JTAG; SW,iDAC; Low Power; RTCC,QFN32,5x5 mm,,2,,,true,,,
EFM32PG1B200F256GM48,ARM Cortex-M4,40,256,32,32,I2C; I2S; SPI; UART; 2 x USART,2,—,±2%,12-bit, 24-ch., 1 Msps,—,—,true,JTAG; SW,iDAC; Low Power; RTCC,QFN48,7x7 mm,,2,,,true,,,
EFM32TG108F16-QFN24,ARM Cortex-M3,32,16,4,17,I2C; I2S; SPI,2,—,±2%,—,—,12-bit,true,SW,AES; Low Power; RTC,QFN24,5x5 mm,,2,,,true,,,,,
EFM32TG108F32-QFN24,ARM Cortex-M3,32,32,4,17,I2C; I2S; SPI,2,—,±2%,—,—,12-bit,true,SW,AES; Low Power; RTC,QFN24,5x5 mm,,2,,,true,,,,,
EFM32TG108F4-QFN24,ARM Cortex-M3,32,4,2,17,I2C; I2S; SPI,2,—,±2%,—,—,12-bit,true,SW,AES; Low Power; RTC,QFN24,5x5 mm,,2,,,true,,,,,
EFM32TG108F8-QFN24,ARM Cortex-M3,32,8,2,17,I2C; I2S; SPI,2,—,±2%,—,—,12-bit,true,SW,AES; Low Power; RTC,QFN24,5x5 mm,,2,,,true,,,,,
EFM32TG110F16-QFN24,ARM Cortex-M3,32,16,4,17,I2C; I2S; SPI; 2 x USART,2,—,±2%,12-bit, 2-ch., 1 Msps,—,12-bit, 2 ch.,true,SW,AES; Low Power; RTC,QFN24,5x5 mm,,2,,,true,,
EFM32TG110F32-QFN24,ARM Cortex-M3,32,32,4,17,I2C; I2S; SPI; 2 x USART,2,—,±2%,12-bit, 2-ch., 1 Msps,—,12-bit, 2 ch.,true,SW,AES; Low Power; RTC,QFN24,5x5 mm,,2,,,true,,
EFM32TG110F4-QFN24,ARM Cortex-M3,32,4,2,17,I2C; I2S; SPI; 2 x USART,2,—,±2%,12-bit, 2-ch., 1 Msps,—,12-bit, 2 ch.,true,SW,AES; Low Power; RTC,QFN24,5x5 mm,,2,,,true,,
EFM32TG110F8-QFN24,ARM Cortex-M3,32,8,2,17,I2C; I2S; SPI; 2 x USART,2,—,±2%,12-bit, 2-ch., 1 Msps,—,12-bit, 2 ch.,true,SW,AES; Low Power; RTC,QFN24,5x5 mm,,2,,,true,,
EFM32TG210F16-QFN32,ARM Cortex-M3,32,16,4,24,I2C; I2S; SPI; 2 x USART,2,—,±2%,12-bit, 4-ch., 1 Msps,—,12-bit, 2 ch.,true,SW,AES; Low Power; RTC,QFN32,6x6 mm,,2,,,true,,
EFM32TG210F32-QFN32,ARM Cortex-M3,32,32,4,24,I2C; I2S; SPI; 2 x USART,2,—,±2%,12-bit, 4-ch., 1 Msps,—,12-bit, 2 ch.,true,SW,AES; Low Power; RTC,QFN32,6x6 mm,,2,,,true,,
EFM32TG210F8-QFN32,ARM Cortex-M3,32,8,2,24,I2C; I2S; SPI; 2 x USART,2,—,±2%,12-bit, 4-ch., 1 Msps,—,12-bit, 2 ch.,true,SW,AES; Low Power; RTC,QFN32,6x6 mm,,2,,,true,,
EFM32TG222F16-QFP48,ARM Cortex-M3,32,16,4,37,I2C; I2S; SPI; 2 x USART,2,—,±2%,12-bit, 4-ch., 1 Msps,—,12-bit, 2 ch.,true,SW,AES; Low Power; RTC,QFP48,7x7 mm,,2,,,true,,
EFM32TG222F32-QFP48,ARM Cortex-M3,32,32,4,37,I2C; I2S; SPI; 2 x USART,2,—,±2%,12-bit, 4-ch., 1 Msps,—,12-bit, 2 ch.,true,SW,AES; Low Power; RTC,QFP48,7x7 mm,,2,,,true,,
EFM32TG222F8-QFP48,ARM Cortex-M3,32,8,2,37,I2C; I2S; SPI; 2 x USART,2,—,±2%,12-bit, 4-ch., 1 Msps,—,12-bit, 2 ch.,true,SW,AES; Low Power; RTC,QFP48,7x7 mm,,2,,,true,,
EFM32TG225F16-BGA48,ARM Cortex-M3,32,16,4,37,I2C; I2S; SPI; 2 x USART,2,—,±2%,12-bit, 4-ch., 1 Msps,—,12-bit, 2 ch.,true,SW,AES; Low Power; RTC,BGA48,4x4 mm,,2,,,true,,
EFM32TG225F32-BGA48,ARM Cortex-M3,32,32,4,37,I2C; I2S; SPI; 2 x USART,2,—,±2%,12-bit, 4-ch., 1 Msps,—,12-bit, 2 ch.,true,SW,AES; Low Power; RTC,BGA48,4x4 mm,,2,,,true,,
EFM32TG225F8-BGA48,ARM Cortex-M3,32,8,2,37,I2C; I2S; SPI; 2 x USART,2,—,±2%,12-bit, 4-ch., 1 Msps,—,12-bit, 2 ch.,true,SW,AES; Low Power; RTC,BGA48,4x4 mm,,2,,,true,,
EFM32TG230F16-QFN64,ARM Cortex-M3,32,16,4,56,I2C; I2S; SPI; 2 x USART,2,—,±2%,12-bit, 8-ch., 1 Msps,—,12-bit, 2 ch.,true,SW,AES; Low Power; RTC,QFN64,9x9 mm,,2,,,true,,
EFM32TG230F32-QFN64,ARM Cortex-M3,32,32,4,56,I2C; I2S; SPI; 2 x USART,2,—,±2%,12-bit, 8-ch., 1 Msps,—,12-bit, 2 ch.,true,SW,AES; Low Power; RTC,QFN64,9x9 mm,,2,,,true,,
EFM32TG230F8-QFN64,ARM Cortex-M3,32,8,2,56,I2C; I2S; SPI; 2 x USART,2,—,±2%,12-bit, 8-ch., 1 Msps,—,12-bit, 2 ch.,true,SW,AES; Low Power; RTC,QFN64,9x9 mm,,2,,,true,,
EFM32TG232F16-QFP64,ARM Cortex-M3,32,16,4,53,I2C; I2S; SPI; 2 x USART,2,—,±2%,12-bit, 8-ch., 1 Msps,—,12-bit, 2 ch.,true,SW,AES; Low Power; RTC,QFP64,10x10 mm,,2,,,true,,
EFM32TG232F32-QFP64,ARM Cortex-M3,32,32,4,53,I2C; I2S; SPI; 2 x USART,2,—,±2%,12-bit, 8-ch., 1 Msps,—,12-bit, 2 ch.,true,SW,AES; Low Power; RTC,QFP64,10x10 mm,,2,,,true,,
EFM32TG232F8-QFP64,ARM Cortex-M3,32,8,2,53,I2C; I2S; SPI; 2 x USART,2,—,±2%,12-bit, 8-ch., 1 Msps,—,12-bit, 2 ch.,true,SW,AES; Low Power; RTC,QFP64,10x10 mm,,2,,,true,,
EFM32TG822F16-QFP48,ARM Cortex-M3,32,16,4,37,I2C; I2S; SPI; 2 x USART,2,—,±2%,12-bit, 4-ch., 1 Msps,—,12-bit, 2 ch.,true,SW,AES; LCD; Low Power; RTC,QFP48,7x7 mm,,2,,,true,,
EFM32TG822F32-QFP48,ARM Cortex-M3,32,32,4,37,I2C; I2S; SPI; 2 x USART,2,—,±2%,12-bit, 4-ch., 1 Msps,—,12-bit, 2 ch.,true,SW,AES; LCD; Low Power; RTC,QFP48,7x7 mm,,2,,,true,,
EFM32TG822F8-QFP48,ARM Cortex-M3,32,8,2,37,I2C; I2S; SPI; 2 x USART,2,—,±2%,12-bit, 4-ch., 1 Msps,—,12-bit, 2 ch.,true,SW,AES; LCD; Low Power; RTC,QFP48,7x7 mm,,2,,,true,,
EFM32TG825F16-BGA48,ARM Cortex-M3,32,16,4,37,I2C; I2S; SPI; 2 x USART,2,—,±2%,12-bit, 4-ch., 1 Msps,—,12-bit, 2 ch.,true,SW,AES; LCD; Low Power; RTC,BGA48,4x4 mm,,2,,,true,,
EFM32TG825F32-BGA48,ARM Cortex-M3,32,32,4,37,I2C; I2S; SPI; 2 x USART,2,—,±2%,12-bit, 4-ch., 1 Msps,—,12-bit, 2 ch.,true,SW,AES; LCD; Low Power; RTC,BGA48,4x4 mm,,2,,,true,,
EFM32TG825F8-BGA48,ARM Cortex-M3,32,8,2,37,I2C; I2S; SPI; 2 x USART,2,—,±2%,12-bit, 4-ch., 1 Msps,—,12-bit, 2 ch.,true,SW,AES; LCD; Low Power; RTC,BGA48,4x4 mm,,2,,,true,,
EFM32TG840F16-QFN64,ARM Cortex-M3,32,16,4,56,I2C; I2S; SPI; 2 x USART,2,—,±2%,12-bit, 8-ch., 1 Msps,—,12-bit, 2 ch.,true,SW,AES; LCD; Low Power; RTC,QFN64,9x9 mm,,2,,,true,,
EFM32TG840F32-QFN64,ARM Cortex-M3,32,32,4,56,I2C; I2S; SPI; 2 x USART,2,—,±2%,12-bit, 8-ch., 1 Msps,—,12-bit, 2 ch.,true,SW,AES; LCD; Low Power; RTC,QFN64,9x9 mm,,2,,,true,,
EFM32TG840F8-QFN64,ARM Cortex-M3,32,8,2,56,I2C; I2S; SPI; 2 x USART,2,—,±2%,12-bit, 8-ch., 1 Msps,—,12-bit, 2 ch.,true,SW,AES; LCD; Low Power; RTC,QFN64,9x9 mm,,2,,,true,,
EFM32TG842F16-QFP64,ARM Cortex-M3,32,16,4,53,I2C; I2S; SPI; 2 x USART,2,—,±2%,12-bit, 8-ch., 1 Msps,—,12-bit, 2 ch.,true,SW,AES; LCD; Low Power; RTC,QFP64,10x10 mm,,2,,,true,,
EFM32TG842F32-QFP64,ARM Cortex-M3,32,32,4,53,I2C; I2S; SPI; 2 x USART,2,—,±2%,12-bit, 8-ch., 1 Msps,—,12-bit, 2 ch.,true,SW,AES; LCD; Low Power; RTC,QFP64,10x10 mm,,2,,,true,,
EFM32TG842F8-QFP64,ARM Cortex-M3,32,8,2,53,I2C; I2S; SPI; 2 x USART,2,—,±2%,12-bit, 8-ch., 1 Msps,—,12-bit, 2 ch.,true,SW,AES; LCD; Low Power; RTC,QFP64,10x10 mm,,2,,,true,,
EFM32WG230F128-QFN64,ARM Cortex-M4,48,128,32,56,2 x I2C; I2S; SPI; 3 x USART,4,—,±2%,12-bit, 8-ch., 1 Msps,—,12-bit, 2 ch.,true,ETM; SW,AES; Low Power; RTC,QFN64,9x9 mm,,2,,,true,,
EFM32WG230F256-QFN64,ARM Cortex-M4,48,256,32,56,2 x I2C; I2S; SPI; 3 x USART,4,—,±2%,12-bit, 8-ch., 1 Msps,—,12-bit, 2 ch.,true,ETM; SW,AES; Low Power; RTC,QFN64,9x9 mm,,2,,,true,,
EFM32WG230F64-QFN64,ARM Cortex-M4,48,64,32,56,2 x I2C; I2S; SPI; 3 x USART,4,—,±2%,12-bit, 8-ch., 1 Msps,—,12-bit, 2 ch.,true,ETM; SW,AES; Low Power; RTC,QFN64,9x9 mm,,2,,,true,,
EFM32WG232F128-QFP64,ARM Cortex-M4,48,128,32,53,2 x I2C; I2S; SPI; 3 x USART,4,—,±2%,12-bit, 8-ch., 1 Msps,—,12-bit, 2 ch.,true,ETM; SW,AES; Low Power; RTC,QFP64,10x10 mm,,2,,,true,,
EFM32WG232F256-QFP64,ARM Cortex-M4,48,256,32,53,2 x I2C; I2S; SPI; 3 x USART,4,—,±2%,12-bit, 8-ch., 1 Msps,—,12-bit, 2 ch.,true,ETM; SW,AES; Low Power; RTC,QFP64,10x10 mm,,2,,,true,,
EFM32WG232F64-QFP64,ARM Cortex-M4,48,64,32,53,2 x I2C; I2S; SPI; 3 x USART,4,—,±2%,12-bit, 8-ch., 1 Msps,—,12-bit, 2 ch.,true,ETM; SW,AES; Low Power; RTC,QFP64,10x10 mm,,2,,,true,,
EFM32WG280F128-QFP100,ARM Cortex-M4,48,128,32,86,2 x I2C; I2S; SPI; 2 x UART; 3 x USART,4,—,±2%,12-bit, 8-ch., 1 Msps,—,12-bit, 2 ch.,true,ETM; SW,AES; Low Power; RTC,QFP100,14x14 mm,,2,,,true,,
EFM32WG280F256-QFP100,ARM Cortex-M4,48,256,32,86,2 x I2C; I2S; SPI; 2 x UART; 3 x USART,4,—,±2%,12-bit, 8-ch., 1 Msps,—,12-bit, 2 ch.,true,ETM; SW,AES; Low Power; RTC,QFP100,14x14 mm,,2,,,true,,
EFM32WG280F64-QFP100,ARM Cortex-M4,48,64,32,86,2 x I2C; I2S; SPI; 2 x UART; 3 x USART,4,—,±2%,12-bit, 8-ch., 1 Msps,—,12-bit, 2 ch.,true,ETM; SW,AES; Low Power; RTC,QFP100,14x14 mm,,2,,,true,,
EFM32WG290F128-BGA112,ARM Cortex-M4,48,128,32,90,2 x I2C; I2S; SPI; 2 x UART; 3 x USART,4,—,±2%,12-bit, 8-ch., 1 Msps,—,12-bit, 2 ch.,true,ETM; SW,AES; Low Power; RTC,BGA112,10x10 mm,,2,,,true,,
EFM32WG290F256-BGA112,ARM Cortex-M4,48,256,32,90,2 x I2C; I2S; SPI; 2 x UART; 3 x USART,4,—,±2%,12-bit, 8-ch., 1 Msps,—,12-bit, 2 ch.,true,ETM; SW,AES; Low Power; RTC,BGA112,10x10 mm,,2,,,true,,
EFM32WG290F64-BGA112,ARM Cortex-M4,48,64,32,90,2 x I2C; I2S; SPI; 2 x UART; 3 x USART,4,—,±2%,12-bit, 8-ch., 1 Msps,—,12-bit, 2 ch.,true,ETM; SW,AES; Low Power; RTC,BGA112,10x10 mm,,2,,,true,,
EFM32WG295F128-BGA120,ARM Cortex-M4,48,128,32,93,2 x I2C; I2S; SPI; 2 x UART; 3 x USART,4,—,±2%,12-bit, 8-ch., 1 Msps,—,12-bit, 2 ch.,true,ETM; SW,AES; Low Power; RTC,BGA120,7x7 mm,,2,,,true,,
EFM32WG295F256-BGA120,ARM Cortex-M4,48,256,32,93,2 x I2C; I2S; SPI; 2 x UART; 3 x USART,4,—,±2%,12-bit, 8-ch., 1 Msps,—,12-bit, 2 ch.,true,ETM; SW,AES; Low Power; RTC,BGA120,7x7 mm,,2,,,true,,
EFM32WG295F64-BGA120,ARM Cortex-M4,48,64,32,93,2 x I2C; I2S; SPI; 2 x UART; 3 x USART,4,—,±2%,12-bit, 8-ch., 1 Msps,—,12-bit, 2 ch.,true,ETM; SW,AES; Low Power; RTC,BGA120,7x7 mm,,2,,,true,,
EFM32WG330F128-QFN64,ARM Cortex-M4,48,128,32,53,2 x I2C; I2S; SPI; 3 x USART; USB,4,—,±2%,12-bit, 8-ch., 1 Msps,—,12-bit, 2 ch.,true,ETM; SW,AES; Low Power; RTC,QFN64,9x9 mm,,2,,,true,,
EFM32WG330F256-QFN64,ARM Cortex-M4,48,256,32,53,2 x I2C; I2S; SPI; 3 x USART; USB,4,—,±2%,12-bit, 8-ch., 1 Msps,—,12-bit, 2 ch.,true,ETM; SW,AES; Low Power; RTC,QFN64,9x9 mm,,2,,,true,,
EFM32WG330F64-QFN64,ARM Cortex-M4,48,64,32,53,2 x I2C; I2S; SPI; 3 x USART; USB,4,—,±2%,12-bit, 8-ch., 1 Msps,—,12-bit, 2 ch.,true,ETM; SW,AES; Low Power; RTC,QFN64,9x9 mm,,2,,,true,,
EFM32WG332F128-QFP64,ARM Cortex-M4,48,128,32,50,2 x I2C; I2S; SPI; 3 x USART; USB,4,—,±2%,12-bit, 8-ch., 1 Msps,—,12-bit, 2 ch.,true,ETM; SW,AES; Low Power; RTC,QFP64,10x10 mm,,1,,,true,,
EFM32WG332F256-QFP64,ARM Cortex-M4,48,256,32,50,2 x I2C; I2S; SPI; 3 x USART; USB,4,—,±2%,12-bit, 8-ch., 1 Msps,—,12-bit, 2 ch.,true,ETM; SW,AES; Low Power; RTC,QFP64,10x10 mm,,1,,,true,,
EFM32WG332F64-QFP64,ARM Cortex-M4,48,64,32,50,2 x I2C; I2S; SPI; 3 x USART; USB,4,—,±2%,12-bit, 8-ch., 1 Msps,—,12-bit, 2 ch.,true,ETM; SW,AES; Low Power; RTC,QFP64,10x10 mm,,1,,,true,,
EFM32WG360F128-CSP81,ARM Cortex-M4,48,128,32,65,2 x I2C; I2S; SPI; 2 x UART; 3 x USART; USB,4,—,±2%,12-bit, 8-ch., 1 Msps,—,12-bit, 2-ch.,true,ETM; SW,AES; Low Power; RTC,CSP81,4.4x4.3 mm,,2,,,true,,
EFM32WG360F256-CSP81,ARM Cortex-M4,48,256,32,65,2 x I2C; I2S; SPI; 2 x UART; 3 x USART; USB,4,—,±2%,12-bit, 8-ch., 1 Msps,—,12-bit, 2-ch.,true,ETM; SW,AES; Low Power; RTC,CSP81,4.4x4.3 mm,,2,,,true,,
EFM32WG360F64-CSP81,ARM Cortex-M4,48,64,32,65,2 x I2C; I2S; SPI; 2 x UART; 3 x USART; USB,4,—,±2%,12-bit, 8-ch., 1 Msps,—,12-bit, 2-ch.,true,ETM; SW,AES; Low Power; RTC,CSP81,4.4x4.3 mm,,2,,,true,,
EFM32WG380F128-QFP100,ARM Cortex-M4,48,128,32,83,2 x I2C; I2S; SPI; 2 x UART; 3 x USART; USB,4,—,±2%,12-bit, 8-ch., 1 Msps,—,12-bit, 2 ch.,true,ETM; SW,AES; Low Power; RTC,QFP100,14x14 mm,,2,,,true,,
EFM32WG380F256-QFP100,ARM Cortex-M4,48,256,32,83,2 x I2C; I2S; SPI; 2 x UART; 3 x USART; USB,4,—,±2%,12-bit, 8-ch., 1 Msps,—,12-bit, 2 ch.,true,ETM; SW,AES; Low Power; RTC,QFP100,14x14 mm,,2,,,true,,
EFM32WG380F64-QFP100,ARM Cortex-M4,48,64,32,83,2 x I2C; I2S; SPI; 2 x UART; 3 x USART; USB,4,—,±2%,12-bit, 8-ch., 1 Msps,—,12-bit, 2 ch.,true,ETM; SW,AES; Low Power; RTC,QFP100,14x14 mm,,2,,,true,,
EFM32WG390F128-BGA112,ARM Cortex-M4,48,128,32,87,2 x I2C; I2S; SPI; 2 x UART; 3 x USART; USB,4,—,±2%,12-bit, 8-ch., 1 Msps,—,12-bit, 2 ch.,true,ETM; SW,AES; Low Power; RTC,BGA112,10x10 mm,,2,,,true,,
EFM32WG390F256-BGA112,ARM Cortex-M4,48,256,32,87,2 x I2C; I2S; SPI; 2 x UART; 3 x USART; USB,4,—,±2%,12-bit, 8-ch., 1 Msps,—,12-bit, 2 ch.,true,ETM; SW,AES; Low Power; RTC,BGA112,10x10 mm,,2,,,true,,
EFM32WG390F64-BGA112,ARM Cortex-M4,48,64,32,87,2 x I2C; I2S; SPI; 2 x UART; 3 x USART; USB,4,—,±2%,12-bit, 8-ch., 1 Msps,—,12-bit, 2 ch.,true,ETM; SW,AES; Low Power; RTC,BGA112,10x10 mm,,2,,,true,,
EFM32WG395F128-BGA120,ARM Cortex-M4,48,128,32,93,2 x I2C; I2S; SPI; 2 x UART; 3 x USART; USB,4,—,±2%,12-bit, 8-ch., 1 Msps,—,12-bit, 2 ch.,true,ETM; SW,AES; Low Power; RTC,BGA120,7x7 mm,,2,,,true,,
EFM32WG395F256-BGA120,ARM Cortex-M4,48,256,32,93,2 x I2C; I2S; SPI; 2 x UART; 3 x USART; USB,4,—,±2%,12-bit, 8-ch., 1 Msps,—,12-bit, 2 ch.,true,ETM; SW,AES; Low Power; RTC,BGA120,7x7 mm,,2,,,true,,
EFM32WG395F64-BGA120,ARM Cortex-M4,48,64,32,93,2 x I2C; I2S; SPI; 2 x UART; 3 x USART; USB,4,—,±2%,12-bit, 8-ch., 1 Msps,—,12-bit, 2 ch.,true,ETM; SW,AES; Low Power; RTC,BGA120,7x7 mm,,2,,,true,,
EFM32WG840F128-QFN64,ARM Cortex-M4,48,128,32,56,2 x I2C; I2S; SPI; 3 x USART,4,—,±2%,12-bit, 8-ch., 1 Msps,—,12-bit, 2 ch.,true,ETM; SW,AES; LCD; Low Power; RTC,QFN64,9x9 mm,,2,,,true,,
EFM32WG840F256-QFN64,ARM Cortex-M4,48,256,32,56,2 x I2C; I2S; SPI; 3 x USART,4,—,±2%,12-bit, 8-ch., 1 Msps,—,12-bit, 2 ch.,true,ETM; SW,AES; LCD; Low Power; RTC,QFN64,9x9 mm,,2,,,true,,
EFM32WG840F64-QFN64,ARM Cortex-M4,48,64,32,56,2 x I2C; I2S; SPI; 3 x USART,4,—,±2%,12-bit, 8-ch., 1 Msps,—,12-bit, 2 ch.,true,ETM; SW,AES; LCD; Low Power; RTC,QFN64,9x9 mm,,2,,,true,,
EFM32WG842F128-QFP64,ARM Cortex-M4,48,128,32,53,2 x I2C; I2S; SPI; 3 x USART,4,—,±2%,12-bit, 8-ch., 1 Msps,—,12-bit, 2 ch.,true,ETM; SW,AES; LCD; Low Power; RTC,QFP64,10x10 mm,,2,,,true,,
EFM32WG842F256-QFP64,ARM Cortex-M4,48,256,32,53,2 x I2C; I2S; SPI; 3 x USART,4,—,±2%,12-bit, 8-ch., 1 Msps,—,12-bit, 2 ch.,true,ETM; SW,AES; LCD; Low Power; RTC,QFP64,10x10 mm,,2,,,true,,
EFM32WG842F64-QFP64,ARM Cortex-M4,48,64,32,53,2 x I2C; I2S; SPI; 3 x USART,4,—,±2%,12-bit, 8-ch., 1 Msps,—,12-bit, 2 ch.,true,ETM; SW,AES; LCD; Low Power; RTC,QFP64,10x10 mm,,2,,,true,,
EFM32WG880F128-QFP100,ARM Cortex-M4,48,128,32,86,2 x I2C; I2S; SPI; 2 x UART; 3 x USART,4,—,±2%,12-bit, 8-ch., 1 Msps,—,12-bit, 2 ch.,true,ETM; SW,AES; LCD; Low Power; RTC,QFP100,14x14 mm,,2,,,true,,
EFM32WG880F256-QFP100,ARM Cortex-M4,48,256,32,86,2 x I2C; I2S; SPI; 2 x UART; 3 x USART,4,—,±2%,12-bit, 8-ch., 1 Msps,—,12-bit, 2 ch.,true,ETM; SW,AES; LCD; Low Power; RTC,QFP100,14x14 mm,,2,,,true,,
EFM32WG880F64-QFP100,ARM Cortex-M4,48,64,32,86,2 x I2C; I2S; SPI; 2 x UART; 3 x USART,4,—,±2%,12-bit, 8-ch., 1 Msps,—,12-bit, 2 ch.,true,ETM; SW,AES; LCD; Low Power; RTC,QFP100,14x14 mm,,2,,,true,,
EFM32WG890F128-BGA112,ARM Cortex-M4,48,128,32,90,2 x I2C; I2S; SPI; 2 x UART; 3 x USART,4,—,±2%,12-bit, 8-ch., 1 Msps,—,12-bit, 2 ch.,true,ETM; SW,AES; LCD; Low Power; RTC,BGA112,10x10 mm,,2,,,true,,
EFM32WG890F256-BGA112,ARM Cortex-M4,48,256,32,90,2 x I2C; I2S; SPI; 2 x UART; 3 x USART,4,—,±2%,12-bit, 8-ch., 1 Msps,—,12-bit, 2 ch.,true,ETM; SW,AES; LCD; Low Power; RTC,BGA112,10x10 mm,,2,,,true,,
EFM32WG890F64-BGA112,ARM Cortex-M4,48,64,32,90,2 x I2C; I2S; SPI; 2 x UART; 3 x USART,4,—,±2%,12-bit, 8-ch., 1 Msps,—,12-bit, 2 ch.,true,ETM; SW,AES; LCD; Low Power; RTC,BGA112,10x10 mm,,2,,,true,,
EFM32WG895F128-BGA120,ARM Cortex-M4,48,128,32,93,2 x I2C; I2S; SPI; 2 x UART; 3 x USART,4,—,±2%,12-bit, 8-ch., 1 Msps,—,12-bit, 2 ch.,true,ETM; SW,AES; LCD; Low Power; RTC,BGA120,7x7 mm,,2,,,true,,
EFM32WG895F256-BGA120,ARM Cortex-M4,48,256,32,93,2 x I2C; I2S; SPI; 2 x UART; 3 x USART,4,—,±2%,12-bit, 8-ch., 1 Msps,—,12-bit, 2 ch.,true,ETM; SW,AES; LCD; Low Power; RTC,BGA120,7x7 mm,,2,,,true,,
EFM32WG895F64-BGA120,ARM Cortex-M4,48,64,32,93,2 x I2C; I2S; SPI; 2 x UART; 3 x USART,4,—,±2%,12-bit, 8-ch., 1 Msps,—,12-bit, 2 ch.,true,ETM; SW,AES; LCD; Low Power; RTC,BGA120,7x7 mm,,2,,,true,,
EFM32WG940F128-QFN64,ARM Cortex-M4,48,128,32,53,2 x I2C; I2S; SPI; 3 x USART; USB,4,—,±2%,12-bit, 8-ch., 1 Msps,—,12-bit, 2 ch.,true,ETM; SW,AES; LCD; Low Power; RTC,QFN64,9x9 mm,,1,,,true,,
EFM32WG940F256-QFN64,ARM Cortex-M4,48,256,32,53,2 x I2C; I2S; SPI; 3 x USART; USB,4,—,±2%,12-bit, 8-ch., 1 Msps,—,12-bit, 2 ch.,true,ETM; SW,AES; LCD; Low Power; RTC,QFN64,9x9 mm,,1,,,true,,
EFM32WG940F64-QFN64,ARM Cortex-M4,48,64,32,53,2 x I2C; I2S; SPI; 3 x USART; USB,4,—,±2%,12-bit, 8-ch., 1 Msps,—,12-bit, 2 ch.,true,ETM; SW,AES; LCD; Low Power; RTC,QFN64,9x9 mm,,1,,,true,,
EFM32WG942F128-QFP64,ARM Cortex-M4,48,128,32,50,2 x I2C; I2S; SPI; 3 x USART; USB,4,—,±2%,12-bit, 8-ch., 1 Msps,—,12-bit, 2 ch.,true,ETM; SW,AES; LCD; Low Power; RTC,QFP64,10x10 mm,,1,,,true,,
EFM32WG942F256-QFP64,ARM Cortex-M4,48,256,32,50,2 x I2C; I2S; SPI; 3 x USART; USB,4,—,±2%,12-bit, 8-ch., 1 Msps,—,12-bit, 2 ch.,true,ETM; SW,AES; LCD; Low Power; RTC,QFP64,10x10 mm,,1,,,true,,
EFM32WG942F64-QFP64,ARM Cortex-M4,48,64,32,50,2 x I2C; I2S; SPI; 3 x USART; USB,4,—,±2%,12-bit, 8-ch., 1 Msps,—,12-bit, 2 ch.,true,ETM; SW,AES; LCD; Low Power; RTC,QFP64,10x10 mm,,1,,,true,,
EFM32WG980F128-QFP100,ARM Cortex-M4,48,128,32,83,2 x I2C; I2S; 2 x UART; 3 x USART; USB,4,—,±2%,12-bit, 8-ch., 1 Msps,—,12-bit, 2 ch.,true,ETM; SW,AES; LCD; Low Power; RTC,QFP100,14x14 mm,,2,,,true,,
EFM32WG980F256-QFP100,ARM Cortex-M4,48,256,32,83,2 x I2C; I2S; SPI; 2 x UART; 3 x USART; USB,4,—,±2%,12-bit, 8-ch., 1 Msps,—,12-bit, 2 ch.,true,ETM; SW,AES; LCD; Low Power; RTC,QFP100,14x14 mm,,2,,,true,,
EFM32WG980F64-QFP100,ARM Cortex-M4,48,64,32,83,2 x I2C; I2S; SPI; 2 x UART; 3 x USART; USB,4,—,±2%,12-bit, 8-ch., 1 Msps,—,12-bit, 2 ch.,true,ETM; SW,AES; LCD; Low Power; RTC,QFP100,14x14 mm,,2,,,true,,
EFM32WG990F128-BGA112,ARM Cortex-M4,48,128,32,87,2 x I2C; I2S; SPI; 2 x UART; 3 x USART; USB,4,—,±2%,12-bit, 8-ch., 1 Msps,—,12-bit, 2 ch.,true,ETM; SW,AES; LCD; Low Power; RTC,BGA112,10x10 mm,,2,,,true,,
EFM32WG990F256-BGA112,ARM Cortex-M4,48,256,32,87,2 x I2C; I2S; SPI; 2 x UART; 3 x USART; USB,4,—,±2%,12-bit, 8-ch., 1 Msps,—,12-bit, 2 ch.,true,ETM; SW,AES; LCD; Low Power; RTC,BGA112,10x10 mm,,2,,,true,,
EFM32WG990F64-BGA112,ARM Cortex-M4,48,64,32,87,2 x I2C; I2S; SPI; 2 x UART; 3 x USART; USB,4,—,±2%,12-bit, 8-ch., 1 Msps,—,12-bit, 2 ch.,true,ETM; SW,AES; LCD; Low Power; RTC,BGA112,10x10 mm,,2,,,true,,
EFM32WG995F128-BGA120,ARM Cortex-M4,48,128,32,93,2 x I2C; I2S; SPI; 2 x UART; 3 x USART; USB,4,—,±2%,12-bit, 8-ch., 1 Msps,—,12-bit, 2 ch.,true,ETM; SW,AES; LCD; Low Power; RTC,BGA120,7x7 mm,,2,,,true,,
EFM32WG995F256-BGA120,ARM Cortex-M4,48,256,32,93,2 x I2C; I2S; SPI; 2 x UART; 3 x USART; USB,4,—,±2%,12-bit, 8-ch., 1 Msps,—,12-bit, 2 ch.,true,ETM; SW,AES; LCD; Low Power; RTC,BGA120,7x7 mm,,2,,,true,,
EFM32WG995F64-BGA120,ARM Cortex-M4,48,64,32,93,2 x I2C; I2S; SPI; 2 x UART; 3 x USART; USB,4,—,±2%,12-bit, 8-ch., 1 Msps,—,12-bit, 2 ch.,true,ETM; SW,AES; LCD; Low Power; RTC,BGA120,7x7 mm,,2,,,true,,
EFM32ZG108F16-QFN24,ARM Cortex-M0+,24,16,4,17,I2C; I2S; SPI,2,—,±2%,—,—,—,true,SW,Low Power; RTC,QFN24,5x5 mm,,1,,,true,,,,,
EFM32ZG108F32-QFN24,ARM Cortex-M0+,24,32,4,17,I2C; I2S; SPI,2,—,±2%,—,—,—,true,SW,Low Power; RTC,QFN24,5x5 mm,,1,,,true,,,,,
EFM32ZG108F4-QFN24,ARM Cortex-M0+,24,4,2,17,I2C; I2S; SPI,2,—,±2%,—,—,—,true,SW,Low Power; RTC,QFN24,5x5 mm,,1,,,true,,,,,
EFM32ZG108F8-QFN24,ARM Cortex-M0+,24,8,2,17,I2C; I2S; SPI,2,—,±2%,—,—,—,true,SW,Low Power; RTC,QFN24,5x5 mm,,1,,,true,,,,,
EFM32ZG110F16-QFN24,ARM Cortex-M0+,24,16,4,17,I2C; I2S; SPI,2,—,±2%,12-bit, 2-ch., 1 Msps,—,—,true,SW,AES; Low Power; RTC,QFN24,5x5 mm,,1,,,true,,,
EFM32ZG110F32-QFN24,ARM Cortex-M0+,24,32,4,17,I2C; I2S; SPI,2,—,±2%,12-bit, 2-ch., 1 Msps,—,—,true,SW,AES; Low Power; RTC,QFN24,5x5 mm,,1,,,true,,,
EFM32ZG110F4-QFN24,ARM Cortex-M0+,24,4,2,17,I2C; I2S; SPI,2,—,±2%,12-bit, 2-ch., 1 Msps,—,—,true,SW,AES; Low Power; RTC,QFN24,5x5 mm,,1,,,true,,,
EFM32ZG110F8-QFN24,ARM Cortex-M0+,24,8,2,17,I2C; I2S; SPI,2,—,±2%,12-bit, 2-ch., 1 Msps,—,—,true,SW,AES; Low Power; RTC,QFN24,5x5 mm,,1,,,true,,,
EFM32ZG210F16-QFN32,ARM Cortex-M0+,24,16,4,24,I2C; I2S; SPI,2,—,±2%,12-bit, 4-ch., 1 Msps,—,—,true,SW,AES; Low Power; RTC,QFN32,6x6 mm,,1,,,true,,,
EFM32ZG210F32-QFN32,ARM Cortex-M0+,24,32,4,24,I2C; I2S; SPI,2,—,±2%,12-bit, 4-ch., 1 Msps,—,—,true,SW,AES; Low Power; RTC,QFN32,6x6 mm,,1,,,true,,,
EFM32ZG210F4-QFN32,ARM Cortex-M0+,24,4,2,24,I2C; I2S; SPI,2,—,±2%,12-bit, 4-ch., 1 Msps,—,—,true,SW,AES; Low Power; RTC,QFN32,6x6 mm,,1,,,true,,,
EFM32ZG210F8-QFN32,ARM Cortex-M0+,24,8,2,24,I2C; I2S; SPI,2,—,±2%,12-bit, 4-ch., 1 Msps,—,—,true,SW,AES; Low Power; RTC,QFN32,6x6 mm,,1,,,true,,,
EFM32ZG222F16-QFP48,ARM Cortex-M0+,24,16,4,37,I2C; I2S; SPI,2,—,±2%,12-bit, 4-ch., 1 Msps,—,—,true,SW,AES; Low Power; RTC,QFP48,7x7 mm,,1,,,true,,,
EFM32ZG222F32-QFP48,ARM Cortex-M0+,24,32,4,37,I2C; I2S; SPI,2,—,±2%,12-bit, 4-ch., 1 Msps,—,—,true,SW,AES; Low Power; RTC,QFP48,7x7 mm,,1,,,true,,,
EFM32ZG222F4-QFP48,ARM Cortex-M0+,24,4,2,37,I2C; I2S; SPI,2,—,±2%,12-bit, 4-ch., 1 Msps,—,—,true,SW,AES; Low Power; RTC,QFP48,7x7 mm,,1,,,true,,,
EFM32ZG222F8-QFP48,ARM Cortex-M0+,24,8,2,37,I2C; I2S; SPI,2,—,±2%,12-bit, 4-ch., 1 Msps,—,—,true,SW,AES; Low Power; RTC,QFP48,7x7 mm,,1,,,true,,,
SiM3C134-B-GM,ARM Cortex-M3,80,32,8,28,EMIF; I2C; 2 x I2C; I2S; SPI; 2 x SPI; 3 x SPI; UART; 2 x UART; 4 x UART,5,10,±1.5%,12-bit, 7-ch., 250 ksps,12-bit, 11-ch., 250 ksps,10-bit, 2-ch.,true,JTAG; SW,300 mA IO; AES; DMA; LFO; Low Power; RTC; VREG,QFN40,6x6 mm,true,2,SiM3C1xx-B-EDK,,true
SiM3C136-B-GM,ARM Cortex-M3,80,32,8,50,EMIF; I2C; 2 x I2C; I2S; SPI; 2 x SPI; 3 x SPI; UART; 2 x UART; 4 x UART,5,10,±1.5%,12-bit, 13-ch., 250 ksps,12-bit, 15-ch., 250 ksps,10-bit, 2-ch.,,ETM; JTAG; SW,300 mA IO; AES; DMA; LFO; Low Power; RTC; VREG,QFN64,9x9 mm,,2,SiM3C1xx-B-EDK,,true
SiM3C136-B-GQ,ARM Cortex-M3,80,32,8,50,EMIF; I2C; 2 x I2C; I2S; SPI; 2 x SPI; 3 x SPI; UART; 2 x UART; 4 x UART,5,10,±1.5%,12-bit, 13-ch., 250 ksps,12-bit, 15-ch., 250 ksps,10-bit, 2-ch.,true,ETM; JTAG; SW,300 mA IO; AES; DMA; LFO; Low Power; RTC; VREG,TQFP64,10x10 mm,true,2,SiM3C1xx-B-EDK,,true
SiM3C144-B-GM,ARM Cortex-M3,80,64,16,28,EMIF; I2C; 2 x I2C; I2S; SPI; 2 x SPI; 3 x SPI; UART; 2 x UART; 4 x UART,5,10,±1.5%,12-bit, 7-ch., 250 ksps,12-bit, 11-ch., 250 ksps,10-bit, 2-ch.,true,JTAG; SW,300 mA IO; AES; DMA; LFO; Low Power; RTC; VREG,QFN40,6x6 mm,true,2,SiM3C1xx-B-EDK,,true
SiM3C146-B-GM,ARM Cortex-M3,80,64,16,50,EMIF; I2C; 2 x I2C; I2S; SPI; 2 x SPI; 3 x SPI; UART; 2 x UART; 4 x UART,5,10,±1.5%,12-bit, 13-ch., 250 ksps,12-bit, 15-ch., 250 ksps,10-bit, 2-ch.,true,ETM; JTAG; SW,300 mA IO; AES; DMA; LFO; Low Power; RTC; VREG,QFN64,9x9 mm,true,2,SiM3C1xx-B-EDK,,true
SiM3C146-B-GQ,ARM Cortex-M3,80,64,16,50,EMIF; I2C; 2 x I2C; I2S; SPI; 2 x SPI; 3 x SPI; UART; 2 x UART; 4 x UART,5,10,±1.5%,12-bit, 13-ch., 250 ksps,12-bit, 15-ch., 250 ksps,10-bit, 2-ch.,true,ETM; JTAG; SW,300 mA IO; AES; DMA; LFO; Low Power; RTC; VREG,TQFP64,10x10 mm,true,2,SiM3C1xx-B-EDK,,true
SiM3C154-B-GM,ARM Cortex-M3,80,128,32,28,EMIF; I2C; 2 x I2C; I2S; SPI; 2 x SPI; 3 x SPI; UART; 2 x UART; 4 x UART,5,10,±1.5%,12-bit, 7-ch., 250 ksps,12-bit, 11-ch., 250 ksps,10-bit, 2-ch.,true,JTAG; SW,300 mA IO; AES; DMA; LFO; Low Power; RTC; VREG,QFN40,6x6 mm,true,2,SiM3C1xx-B-EDK,,true
SiM3C156-B-GM,ARM Cortex-M3,80,128,32,50,EMIF; I2C; 2 x I2C; I2S; SPI; 2 x SPI; 3 x SPI; UART; 2 x UART; 4 x UART,5,10,±1.5%,12-bit, 13-ch., 250 ksps,12-bit, 15-ch., 250 ksps,10-bit, 2-ch.,true,ETM; JTAG; SW,300 mA IO; AES; DMA; LFO; Low Power; RTC; VREG,QFN64,9x9 mm,true,2,SiM3C1xx-B-EDK,,true
SiM3C156-B-GQ,ARM Cortex-M3,80,128,32,50,EMIF; I2C; 2 x I2C; I2S; SPI; 2 x SPI; 3 x SPI; UART; 2 x UART; 4 x UART,5,10,±1.5%,12-bit, 13-ch., 250 ksps,12-bit, 15-ch., 250 ksps,10-bit, 2-ch.,true,ETM; JTAG; SW,300 mA IO; AES; DMA; LFO; Low Power; RTC; VREG,TQFP64,10x10 mm,true,2,SiM3C1xx-B-EDK,,true
SiM3C157-B-GM,ARM Cortex-M3,80,128,32,65,EMIF; I2C; 2 x I2C; I2S; SPI; 2 x SPI; 3 x SPI; UART; 2 x UART; 4 x UART,5,10,±1.5%,12-bit, 16-ch., 250 ksps,12-bit, 16-ch., 250 ksps,10-bit, 2-ch.,true,ETM; JTAG; SW,300 mA IO; AES; DMA; LFO; Low Power; RTC; VREG,LGA92,7x7 mm,true,2,SiM3C1xx-B-EDK,,true
SiM3C157-B-GQ,ARM Cortex-M3,80,128,32,65,EMIF; I2C; 2 x I2C; I2S; SPI; 2 x SPI; 3 x SPI; UART; 2 x UART; 4 x UART,5,10,±1.5%,12-bit, 16-ch., 250 ksps,12-bit, 16-ch., 250 ksps,10-bit, 2-ch.,true,ETM; JTAG; SW,300 mA IO; AES; DMA; LFO; Low Power; RTC; VREG,TQFP80,12x12 mm,true,2,SiM3C1xx-B-EDK,,true
SiM3C164-B-GM,ARM Cortex-M3,80,256,32,28,EMIF; I2C; 2 x I2C; I2S; SPI; 2 x SPI; 3 x SPI; UART; 2 x UART; 4 x UART,5,10,±1.5%,12-bit, 7-ch., 250 ksps,12-bit, 11-ch., 250 ksps,10-bit, 2-ch.,true,JTAG; SW,300 mA IO; AES; DMA; LFO; Low Power; RTC; VREG,QFN40,6x6 mm,true,2,SiM3C1xx-B-EDK,,true
SiM3C166-B-GM,ARM Cortex-M3,80,256,32,50,EMIF; I2C; 2 x I2C; I2S; SPI; 2 x SPI; 3 x SPI; UART; 2 x UART; 4 x UART,5,10,±1.5%,12-bit, 13-ch., 250 ksps,12-bit, 15-ch., 250 ksps,10-bit, 2-ch.,true,ETM; JTAG; SW,300 mA IO; AES; DMA; LFO; Low Power; RTC; VREG,QFN64,9x9 mm,true,2,SiM3C1xx-B-EDK,,true
SiM3C166-B-GQ,ARM Cortex-M3,80,256,32,50,EMIF; I2C; 2 x I2C; I2S; SPI; 2 x SPI; 3 x SPI; UART; 2 x UART; 4 x UART,5,10,±1.5%,12-bit, 13-ch., 250 ksps,12-bit, 15-ch., 250 ksps,10-bit, 2-ch.,true,ETM; JTAG; SW,300 mA IO; AES; DMA; LFO; Low Power; RTC; VREG,TQFP64,10x10 mm,true,2,SiM3C1xx-B-EDK,,true
SiM3C167-B-GM,ARM Cortex-M3,80,256,32,65,EMIF; I2C; 2 x I2C; I2S; SPI; 2 x SPI; 3 x SPI; UART; 2 x UART; 4 x UART,5,10,±1.5%,12-bit, 16-ch., 250 ksps,12-bit, 16-ch., 250 ksps,10-bit, 2-ch.,true,ETM; JTAG; SW,300 mA IO; AES; DMA; LFO; Low Power; RTC; VREG,LGA92,7x7 mm,true,2,SiM3C1xx-B-EDK,,true
SiM3C167-B-GQ,ARM Cortex-M3,80,256,32,65,EMIF; I2C; 2 x I2C; I2S; SPI; 2 x SPI; 3 x SPI; UART; 2 x UART; 4 x UART,5,10,±1.5%,12-bit, 16-ch., 250 ksps,12-bit, 16-ch., 250 ksps,10-bit, 2-ch.,true,ETM; JTAG; SW,300 mA IO; AES; DMA; LFO; Low Power; RTC; VREG,TQFP80,12x12 mm,true,2,SiM3C1xx-B-EDK,,true
SiM3L134-C-GM,ARM Cortex-M3,50,32,8,28,I2C; SPI; 2 x SPI; UART; 2 x UART,3,6,±2%,12-bit, 20-ch., 250 ksps,—,10-bit,true,SW,AES; dc-dc; Low Power; RTC; Sensor I/F,QFN40,6x6 mm,true,2,,,,,,
SiM3L136-C-GM,ARM Cortex-M3,50,32,8,51,I2C; SPI; 2 x SPI; UART; 2 x UART,3,6,±2%,12-bit, 23-ch., 250 ksps,—,10-bit,true,ETM; SW,AES; dc-dc; LCD 128; Low Power; RTC; Sensor I/F,QFN64,9x9 mm,true,2,,,,,,
SiM3L136-C-GQ,ARM Cortex-M3,50,32,8,51,I2C; SPI; 2 x SPI; UART; 2 x UART,3,6,±2%,12-bit, 23-ch., 250 ksps,—,10-bit,true,ETM; SW,AES; dc-dc; LCD 128; Low Power; RTC; Sensor I/F,TQFP64,10x10 mm,true,2,,,,,,
SiM3L144-C-GM,ARM Cortex-M3,50,64,16,28,I2C; SPI; 2 x SPI; UART; 2 x UART,3,6,±2%,12-bit, 20-ch., 250 ksps,—,10-bit,true,SW,AES; dc-dc; Low Power; RTC; Sensor I/F,QFN40,6x6 mm,true,2,,,,,,
SiM3L146-C-GM,ARM Cortex-M3,50,64,16,51,I2C; SPI; 2 x SPI; UART; 2 x UART,3,6,±2%,12-bit, 23-ch., 250 ksps,—,10-bit,true,ETM; SW,AES; dc-dc; LCD 128; Low Power; RTC; Sensor I/F,QFN64,9x9 mm,true,2,,,,,,
SiM3L146-C-GQ,ARM Cortex-M3,50,64,16,51,I2C; SPI; 2 x SPI; UART; 2 x UART,3,6,±2%,12-bit, 23-ch., 250 ksps,—,10-bit,true,ETM; SW,AES; dc-dc; LCD 128; Low Power; RTC; Sensor I/F,TQFP64,10x10 mm,true,2,,,,,,
SiM3L154-C-GM,ARM Cortex-M3,50,128,32,28,I2C; SPI; 2 x SPI; UART; 2 x UART,3,6,±2%,12-bit, 20-ch., 250 ksps,—,10-bit,true,SW,AES; dc-dc; Low Power; RTC; Sensor I/F,QFN40,6x6 mm,true,2,,,,,,
SiM3L156-C-GM,ARM Cortex-M3,50,128,32,51,I2C; SPI; 2 x SPI; UART; 2 x UART,3,6,±2%,12-bit, 23-ch., 250 ksps,—,10-bit,true,ETM; SW,AES; dc-dc; LCD 128; Low Power; RTC; Sensor I/F,QFN64,9x9 mm,true,2,,,,,,
SiM3L156-C-GQ,ARM Cortex-M3,50,128,32,51,I2C; SPI; 2 x SPI; UART; 2 x UART,3,6,±2%,12-bit, 23-ch., 250 ksps,—,10-bit,true,ETM; SW,AES; dc-dc; LCD 128; Low Power; RTC; Sensor I/F,TQFP64,10x10 mm,true,2,,,,,,
SiM3L157-C-GL,ARM Cortex-M3,50,128,32,62,I2C; SPI; 2 x SPI; UART; 2 x UART,3,6,±2%,12-bit, 24-ch., 250 ksps,—,10-bit,true,ETM; JTAG; SW,AES; dc-dc; LCD 160; Low Power; RTC; Sensor I/F,BGA80,5.5x5.5 mm,true,2,,,,,,
SiM3L157-C-GQ,ARM Cortex-M3,50,128,32,62,I2C; SPI; 2 x SPI; UART; 2 x UART,3,6,±2%,12-bit, 24-ch., 250 ksps,—,10-bit,true,ETM; JTAG; SW,AES; dc-dc; LCD 160; Low Power; RTC; Sensor I/F,TQFP80,12x12 mm,true,2,,,,,,
SiM3L164-C-GM,ARM Cortex-M3,50,256,32,28,I2C; SPI; 2 x SPI; UART; 2 x UART,3,6,±2%,12-bit, 20-ch., 250 ksps,—,10-bit,true,SW,AES; dc-dc; Low Power; RTC; Sensor I/F,QFN40,6x6 mm,true,2,,,,,,
SiM3L166-C-GM,ARM Cortex-M3,50,256,32,51,I2C; SPI; 2 x SPI; UART; 2 x UART,3,6,±2%,12-bit, 23-ch., 250 ksps,—,10-bit,true,ETM; SW,AES; dc-dc; LCD 128; Low Power; RTC; Sensor I/F,QFN64,9x9 mm,true,2,,,,,,
SiM3L166-C-GQ,ARM Cortex-M3,50,256,32,51,I2C; SPI; 2 x SPI; UART; 2 x UART,3,6,±2%,12-bit, 23-ch., 250 ksps,—,10-bit,true,ETM; SW,AES; dc-dc; LCD 128; Low Power; RTC; Sensor I/F,TQFP64,10x10 mm,true,2,,,,,,
SiM3L167-C-GL,ARM Cortex-M3,50,256,32,62,I2C; SPI; 2 x SPI; UART; 2 x UART,3,6,±2%,12-bit, 24-ch., 250 ksps,—,10-bit,true,ETM; JTAG; SW,AES; dc-dc; LCD 160; Low Power; RTC; Sensor I/F,BGA80,5.5x5.5 mm,true,2,,,,,,
SiM3L167-C-GQ,ARM Cortex-M3,50,256,32,62,I2C; SPI; 2 x SPI; UART; 2 x UART,3,6,±2%,12-bit, 24-ch., 250 ksps,—,10-bit,true,ETM; JTAG; SW,AES; dc-dc; LCD 160; Low Power; RTC; Sensor I/F,TQFP80,12x12 mm,true,2,,,,,,
SiM3U134-B-GM,ARM Cortex-M3,80,32,8,28,EMIF; I2C; 2 x I2C; I2S; SPI; 2 x SPI; 3 x SPI; UART; 2 x UART; 4 x UART; USB,5,10,±1.5%,12-bit, 7-ch., 250 ksps,12-bit, 11-ch., 250 ksps,10-bit, 2-ch.,true,JTAG; SW,300 mA IO; AES; DMA; Low Power; RTC; VREG,QFN40,6x6 mm,true,2,SiM3U1xx-B-EDK,,true
SiM3U136-B-GM,ARM Cortex-M3,80,32,8,50,EMIF; I2C; 2 x I2C; I2S; SPI; 2 x SPI; 3 x SPI; UART; 2 x UART; 4 x UART; USB,5,10,±1.5%,12-bit, 13-ch., 250 ksps,12-bit, 15-ch., 250 ksps,10-bit, 2-ch.,true,ETM; JTAG; SW,300 mA IO; AES; DMA; Low Power; RTC; VREG,QFN64,9x9 mm,true,2,SiM3U1xx-B-EDK,,true
SiM3U136-B-GQ,ARM Cortex-M3,80,32,8,50,EMIF; I2C; 2 x I2C; I2S; SPI; 2 x SPI; 3 x SPI; UART; 2 x UART; 4 x UART; USB,5,10,±1.5%,12-bit, 13-ch., 250 ksps,12-bit, 15-ch., 250 ksps,10-bit, 2-ch.,true,ETM; JTAG; SW,300 mA IO; AES; DMA; Low Power; RTC; VREG,TQFP64,10x10 mm,true,2,SiM3U1xx-B-EDK,,true
SiM3U144-B-GM,ARM Cortex-M3,80,64,16,28,EMIF; I2C; 2 x I2C; I2S; SPI; 2 x SPI; 3 x SPI; UART; 2 x UART; 4 x UART; USB,5,10,±1.5%,12-bit, 7-ch., 250 ksps,12-bit, 11-ch., 250 ksps,10-bit, 2-ch.,true,JTAG; SW,300 mA IO; AES; DMA; Low Power; RTC; VREG,QFN40,6x6 mm,true,2,SiM3U1xx-B-EDK,,true
SiM3U146-B-GM,ARM Cortex-M3,80,64,16,50,EMIF; I2C; 2 x I2C; I2S; SPI; 2 x SPI; 3 x SPI; UART; 2 x UART; 4 x UART; USB,5,10,±1.5%,12-bit, 13-ch., 250 ksps,12-bit, 15-ch., 250 ksps,10-bit, 2-ch.,true,ETM; JTAG; SW,300 mA IO; AES; DMA; Low Power; RTC; VREG,QFN64,9x9 mm,true,2,SiM3U1xx-B-EDK,,true
SiM3U146-B-GQ,ARM Cortex-M3,80,64,16,50,EMIF; I2C; 2 x I2C; I2S; SPI; 2 x SPI; 3 x SPI; UART; 2 x UART; 4 x UART; USB,5,10,±1.5%,12-bit, 13-ch., 250 ksps,12-bit, 15-ch., 250 ksps,10-bit, 2-ch.,,ETM; JTAG; SW,300 mA IO; AES; DMA; Low Power; RTC; VREG,TQFP64,10x10 mm,,2,SiM3U1xx-B-EDK,,true
SiM3U154-B-GM,ARM Cortex-M3,80,128,32,28,EMIF; I2C; 2 x I2C; I2S; SPI; 2 x SPI; 3 x SPI; UART; 2 x UART; 4 x UART; USB,5,10,±1.5%,12-bit, 7-ch., 250 ksps,12-bit, 11-ch., 250 ksps,10-bit, 2-ch.,true,JTAG; SW,300 mA IO; AES; DMA; Low Power; RTC; VREG,QFN40,6x6 mm,true,2,SiM3U1xx-B-EDK,,true
SiM3U156-B-GM,ARM Cortex-M3,80,128,32,50,EMIF; I2C; 2 x I2C; I2S; SPI; 2 x SPI; 3 x SPI; UART; 2 x UART; 4 x UART; USB,5,10,±1.5%,12-bit, 13-ch., 250 ksps,12-bit, 15-ch., 250 ksps,10-bit, 2-ch.,true,ETM; JTAG; SW,300 mA IO; AES; DMA; Low Power; RTC; VREG,QFN64,9x9 mm,true,2,SiM3U1xx-B-EDK,,true
SiM3U156-B-GQ,ARM Cortex-M3,80,128,32,50,EMIF; I2C; 2 x I2C; I2S; SPI; 2 x SPI; 3 x SPI; UART; 2 x UART; 4 x UART; USB,5,10,±1.5%,12-bit, 13-ch., 250 ksps,12-bit, 15-ch., 250 ksps,10-bit, 2-ch.,true,ETM; JTAG; SW,300 mA IO; AES; DMA; Low Power; RTC; VREG,TQFP64,10x10 mm,true,2,SiM3U1xx-B-EDK,,true
SiM3U157-B-GM,ARM Cortex-M3,80,128,32,65,EMIF; I2C; 2 x I2C; I2S; SPI; 2 x SPI; 3 x SPI; UART; 2 x UART; 4 x UART; USB,5,10,±1.5%,12-bit, 16-ch., 250 ksps,12-bit, 16-ch., 250 ksps,10-bit, 2-ch.,true,ETM; JTAG; SW,300 mA IO; AES; DMA; Low Power; RTC; VREG,LGA92,7x7 mm,true,2,SiM3U1xx-B-EDK,,true
SiM3U157-B-GQ,ARM Cortex-M3,80,128,32,65,EMIF; I2C; 2 x I2C; I2S; SPI; 2 x SPI; 3 x SPI; UART; 2 x UART; 4 x UART; USB,5,10,±1.5%,12-bit, 16-ch., 250 ksps,12-bit, 16-ch., 250 ksps,10-bit, 2-ch.,true,ETM; JTAG; SW,300 mA IO; AES; DMA; Low Power; RTC; VREG,TQFP80,12x12 mm,true,2,SiM3U1xx-B-EDK,,true
SiM3U164-B-GM,ARM Cortex-M3,80,256,32,28,EMIF; I2C; 2 x I2C; I2S; SPI; 2 x SPI; 3 x SPI; UART; 2 x UART; 4 x UART; USB,5,10,±1.5%,12-bit, 7-ch., 250 ksps,12-bit, 11-ch., 250 ksps,10-bit, 2-ch.,true,JTAG; SW,300 mA IO; AES; DMA; Low Power; RTC; VREG,QFN40,6x6 mm,true,2,SiM3U1xx-B-EDK,,true
SiM3U166-B-GM,ARM Cortex-M3,80,256,32,50,EMIF; I2C; 2 x I2C; I2S; SPI; 2 x SPI; 3 x SPI; UART; 2 x UART; 4 x UART; USB,5,10,±1.5%,12-bit, 13-ch., 250 ksps,12-bit, 15-ch., 250 ksps,10-bit, 2-ch.,,ETM; JTAG; SW,300 mA IO; AES; DMA; Low Power; RTC; VREG,QFN64,9x9 mm,,2,SiM3U1xx-B-EDK,,true
SiM3U166-B-GQ,ARM Cortex-M3,80,256,32,50,EMIF; I2C; 2 x I2C; I2S; SPI; 2 x SPI; 3 x SPI; UART; 2 x UART; 4 x UART; USB,5,10,±1.5%,12-bit, 13-ch., 250 ksps,12-bit, 15-ch., 250 ksps,10-bit, 2-ch.,true,ETM; JTAG; SW,300 mA IO; AES; DMA; Low Power; RTC; VREG,TQFP64,10x10 mm,true,2,SiM3U1xx-B-EDK,,true
SiM3U167-B-GM,ARM Cortex-M3,80,256,32,65,EMIF; I2C; 2 x I2C; I2S; SPI; 2 x SPI; 3 x SPI; UART; 2 x UART; 4 x UART; USB,5,10,±1.5%,12-bit, 16-ch., 250 ksps,12-bit, 16-ch., 250 ksps,10-bit, 2-ch.,true,ETM; JTAG; SW,300 mA IO; AES; DMA; Low Power; RTC; VREG,LGA92,7x7 mm,true,2,SiM3U1xx-B-EDK,,true
SiM3U167-B-GQ,ARM Cortex-M3,80,256,32,65,EMIF; I2C; 2 x I2C; I2S; SPI; 2 x SPI; 3 x SPI; UART; 2 x UART; 4 x UART; USB,5,10,±1.5%,12-bit, 16-ch., 250 ksps,12-bit, 16-ch., 250 ksps,10-bit, 2-ch.,true,ETM; JTAG; SW,300 mA IO; AES; DMA; Low Power; RTC; VREG,TQFP80,12x12 mm,true,2,SiM3U1xx-B-EDK,,true
EFR32BG1B132F128GM32,ARM Cortex-M4,40,128,32,AES-256;AES-128;ECC;SHA-1;SHA-2,-30to+3.5,-94dBm(1Mbps,GFSK),16,3,2,1,QFN32,5x5mm,,,,,,,,,,,,,
EFR32BG1B132F128GM48,ARM Cortex-M4,40,128,32,AES-256;AES-128;ECC;SHA-1;SHA-2,-30to+3.5,-94dBm(1Mbps,GFSK),31,3,2,1,QFN48,7x7mm,,,,,,,,,,,,,
EFR32BG1B132F256GM32,ARM Cortex-M4,40,256,32,AES-256;AES-128;ECC;SHA-1;SHA-2,-30to+3.5,-94dBm(1Mbps,GFSK),16,3,2,1,QFN32,5x5mm,,,,,,,,,,,,,
EFR32BG1B132F256GM48,ARM Cortex-M4,40,256,32,AES-256;AES-128;ECC;SHA-1;SHA-2,-30to+3.5,-94dBm(1Mbps,GFSK),31,3,2,1,QFN48,7x7mm,,,,,,,,,,,,,
EFR32BG1B232F128GM32,ARM Cortex-M4,40,128,32,AES-256;AES-128;ECC;SHA-1;SHA-2,-30to+10.5,-94dBm(1Mbps,GFSK),16,3,2,1,QFN32,5x5mm,,,,,,,,,,,,,
EFR32BG1B232F128GM48,ARM Cortex-M4,40,128,32,AES-256;AES-128;ECC;SHA-1;SHA-2,-30to+10.5,-94dBm(1Mbps,GFSK),31,3,2,1,QFN48,7x7mm,,,,,,,,,,,,,
EFR32BG1B232F256GM32,ARM Cortex-M4,40,256,32,AES-256;AES-128;ECC;SHA-1;SHA-2,-30to+10.5,-94dBm(1Mbps,GFSK),16,3,2,1,QFN32,5x5mm,,,,,,,,,,,,,
EFR32BG1B232F256GM48,ARM Cortex-M4,40,256,32,AES-256;AES-128;ECC;SHA-1;SHA-2,-30to+10.5,-94dBm(1Mbps,GFSK),31,3,2,1,QFN48,7x7mm,,,,,,,,,,,,,
EFR32BG1P232F256GM32,ARM Cortex-M4,40,256,32,AES-256;AES-128;ECC;SHA-1;SHA-2,-30to+10.5,-94dBm(1Mbps,GFSK),16,3,2,1,QFN32,5x5mm,,,,,,,,,,,,,
EFR32BG1P232F256GM48,ARM Cortex-M4,40,256,32,AES-256;AES-128;ECC;SHA-1;SHA-2,-30to+10.5,-94dBm(1Mbps,GFSK),31,3,2,1,QFN48,7x7mm,,,,,,,,,,,,,
EFR32BG1P332F256GM32,ARM Cortex-M4,40,256,32,AES-256;AES-128;ECC;SHA-1;SHA-2,-30to+19.5,-94dBm(1Mbps,GFSK),16,3,2,1,QFN32,5x5mm,,,,,,,,,,,,,
EFR32BG1P332F256GM48,ARM Cortex-M4,40,256,32,AES-256;AES-128;ECC;SHA-1;SHA-2,-30to+19.5,-94dBm(1Mbps,GFSK),31,3,2,1,QFN48,7x7mm,,,,,,,,,,,,,
EFR32BG1V132F128GM32,ARM Cortex-M4,40,128,16,AES-256;AES-128,-30to0,-94dBm(1Mbps,GFSK),16,3,2,1,QFN32,5x5mm,,,,,,,,,,,,,
EFR32BG1V132F128GM48,ARM Cortex-M4,40,128,16,AES-256;AES-128,-30to0,-94dBm(1Mbps,GFSK),31,3,2,1,QFN48,7x7mm,,,,,,,,,,,,,
EFR32BG1V132F256GM32,ARM Cortex-M4,40,256,16,AES-256;AES-128,-30to0,-94dBm(1Mbps,GFSK),16,3,2,1,QFN32,5x5mm,,,,,,,,,,,,,
EFR32BG1V132F256GM48,ARM Cortex-M4,40,256,16,AES-256;AES-128,-30to0,-94dBm(1Mbps,GFSK),31,3,2,1,QFN48,7x7mm,,,,,,,,,,,,,
EFR32FG1P132F128GM32,ARM Cortex-M4,40,128,32,AES-128; AES-256; ECC; SHA-1; SHA-2,-30 to +19.5,16,3,2,QFN32,5x5 mm,,,,,,,,,,,,,,,,
EFR32FG1P132F128GM48,ARM Cortex-M4,40,128,32,AES-128; AES-256; ECC; SHA-1; SHA-2,-30 to +19.5,31,3,2,QFN48,7x7 mm,,,,,,,,,,,,,,,,
EFR32FG1P132F256GM32,ARM Cortex-M4,40,256,32,AES-128; AES-256; ECC; SHA-1; SHA-2,-30 to +19.5,16,3,2,QFN32,5x5 mm,,,,,,,,,,,,,,,,
EFR32FG1P132F256GM48,ARM Cortex-M4,40,256,32,AES-128; AES-256; ECC; SHA-1; SHA-2,-30 to +19.5,31,3,2,QFN48,7x7 mm,,,,,,,,,,,,,,,,
EFR32FG1P132F64GM32,ARM Cortex-M4,40,64,16,AES-128; AES-256; ECC; SHA-1; SHA-2,-30 to +19.5,16,3,2,QFN32,5x5 mm,,,,,,,,,,,,,,,,
EFR32FG1P132F64GM48,ARM Cortex-M4,40,64,16,AES-128; AES-256; ECC; SHA-1; SHA-2,-30 to +19.5,31,3,2,QFN48,7x7 mm,,,,,,,,,,,,,,,,
EFR32FG1V132F128GM32,ARM Cortex-M4,40,128,16,AES-128; AES-256,-30 to +16.5,16,3,2,QFN32,5x5 mm,,,,,,,,,,,,,,,,
EFR32FG1V132F128GM48,ARM Cortex-M4,40,128,16,AES-128; AES-256,-30 to +16.5,31,3,2,QFN48,7x7 mm,,,,,,,,,,,,,,,,
EFR32FG1V132F256GM32,ARM Cortex-M4,40,256,32,AES-128; AES-256,-30 to +16.5,16,3,2,QFN32,5x5 mm,,,,,,,,,,,,,,,,
EFR32FG1V132F256GM48,ARM Cortex-M4,40,256,32,AES-128; AES-256,-30 to +16.5,31,3,2,QFN48,7x7 mm,,,,,,,,,,,,,,,,
EFR32FG1V132F32GM32,ARM Cortex-M4,40,32,8,AES-128; AES-256,-30 to +16.5,16,3,2,QFN32,5x5 mm,,,,,,,,,,,,,,,,
EFR32FG1V132F32GM48,ARM Cortex-M4,40,32,8,AES-128; AES-256,-30 to +16.5,31,3,2,QFN48,7x7 mm,,,,,,,,,,,,,,,,
EFR32FG1V132F64GM32,ARM Cortex-M4,40,64,16,AES-128; AES-256,-30 to +16.5,16,3,2,QFN32,5x5 mm,,,,,,,,,,,,,,,,
EFR32FG1V132F64GM48,ARM Cortex-M4,40,64,16,AES-128; AES-256,-30 to +16.5,31,,,,,,,,,,,,,,,,,,,,
EFR32MG1B132F256GM32,ARM Cortex-M4,40,256,32,AES-128; AES-256; ECC; SHA-1; SHA-2,-30 to +16.5,16,3,2,QFN32,5x5 mm,,,,,,,,,,,,,,,,
EFR32MG1B132F256GM48,ARM Cortex-M4,40,256,32,AES-128; AES-256; ECC; SHA-1; SHA-2,-30 to +16.5,31,3,2,QFN48,7x7 mm,,,,,,,,,,,,,,,,
EFR32MG1B232F256GM32,ARM Cortex-M4,40,256,32,AES-128; AES-256; ECC; SHA-1; SHA-2,-30 to +19.5,16,3,2,QFN32,5x5 mm,,,,,,,,,,,,,,,,
EFR32MG1B232F256GM48,ARM Cortex-M4,40,256,32,AES-128; AES-256; ECC; SHA-1; SHA-2,-30 to +19.5,31,3,2,QFN48,7x7 mm,,,,,,,,,,,,,,,,
EFR32MG1P132F256GM32,ARM Cortex-M4,40,256,32,AES-128; AES-256; ECC; SHA-1; SHA-2,-30 to +16.5,16,3,2,QFN32,5x5 mm,,,,,,,,,,,,,,,,
EFR32MG1P132F256GM48,ARM Cortex-M4,40,256,32,AES-128; AES-256; ECC; SHA-1; SHA-2,-30 to +16.5,31,3,2,QFN48,7x7 mm,,,,,,,,,,,,,,,,
EFR32MG1P232F256GM32,ARM Cortex-M4,40,256,32,AES-128; AES-256; ECC; SHA-1; SHA-2,-30 to +19.5,16,3,2,QFN32,5x5 mm,,,,,,,,,,,,,,,,
EFR32MG1P232F256GM48,ARM Cortex-M4,40,256,32,AES-128; AES-256; ECC; SHA-1; SHA-2,-30 to +19.5,31,3,2,QFN48,7x7 mm,,,,,,,,,,,,,,,,
EFR32MG1V132F256GM32,ARM Cortex-M4,40,256,32,AES-128; AES-256,-30 to +8,16,3,2,QFN32,5x5 mm,,,,,,,,,,,,,,,,
EFR32MG1V132F256GM48,ARM Cortex-M4,40,256,32,AES-128; AES-256,-30 to +8,31,3,2,QFN48,7x7 mm,,,,,,,,,,,,,,,,
EZR32LG330F256R60,ARM Cortex-M3,48,256,32,,,,,,,,,,,,,,,,,,,,,,,
EZR32LG330F256R61,ARM Cortex-M3,48,256,32,,,,,,,,,,,,,,,,,,,,,,,
EZR32LG330F256R61,ARM Cortex-M3,48,256,32,,,,,,,,,,,,,,,,,,,,,,,
EZR32LG330F256R63,ARM Cortex-M3,48,256,32,,,,,,,,,,,,,,,,,,,,,,,
EZR32LG330F256R63,ARM Cortex-M3,48,256,32,,,,,,,,,,,,,,,,,,,,,,,
EZR32LG330F256R67,ARM Cortex-M3,48,256,32,,,,,,,,,,,,,,,,,,,,,,,
EZR32LG330F256R67,ARM Cortex-M3,48,256,32,,,,,,,,,,,,,,,,,,,,,,,
EZR32LG330F256R68,ARM Cortex-M3,48,256,32,,,,,,,,,,,,,,,,,,,,,,,
EZR32LG330F256R68,ARM Cortex-M3,48,256,32,,,,,,,,,,,,,,,,,,,,,,,
EZR32LG330F256R69,ARM Cortex-M3,48,256,32,,,,,,,,,,,,,,,,,,,,,,,
EZR32LG330F256R69,ARM Cortex-M3,48,256,32,,,,,,,,,,,,,,,,,,,,,,,
EZR32LG330F64R55,ARM Cortex-M3,48,64,32,,,,,,,,,,,,,,,,,,,,,,,
EZR32LG330F64R55,ARM Cortex-M3,48,64,32,,,,,,,,,,,,,,,,,,,,,,,
EZR32LG330F64R60,ARM Cortex-M3,48,64,32,,,,,,,,,,,,,,,,,,,,,,,
EZR32LG330F64R60,ARM Cortex-M3,48,64,32,,,,,,,,,,,,,,,,,,,,,,,
EZR32LG330F64R61,ARM Cortex-M3,48,64,32,,,,,,,,,,,,,,,,,,,,,,,
EZR32LG330F64R61,ARM Cortex-M3,48,64,32,,,,,,,,,,,,,,,,,,,,,,,
EZR32LG330F64R63,ARM Cortex-M3,48,64,32,,,,,,,,,,,,,,,,,,,,,,,
EZR32LG330F64R63,ARM Cortex-M3,48,64,32,,,,,,,,,,,,,,,,,,,,,,,
EZR32LG330F64R67,ARM Cortex-M3,48,64,32,,,,,,,,,,,,,,,,,,,,,,,
EZR32LG330F64R67,ARM Cortex-M3,48,64,32,,,,,,,,,,,,,,,,,,,,,,,
EZR32LG330F64R68,ARM Cortex-M3,48,64,32,,,,,,,,,,,,,,,,,,,,,,,
EZR32LG330F64R68,ARM Cortex-M3,48,64,32,,,,,,,,,,,,,,,,,,,,,,,
EZR32LG330F64R69,ARM Cortex-M3,48,64,32,,,,,,,,,,,,,,,,,,,,,,,
EZR32LG330F64R69,ARM Cortex-M3,48,64,32,,,,,,,,,,,,,,,,,,,,,,,
EZR32WG230F128R55,ARM Cortex-M4,48,128,32,,,,,,,,,,,,,,,,,,,,,,,
EZR32WG230F128R60,ARM Cortex-M4,48,128,32,,,,,,,,,,,,,,,,,,,,,,,
EZR32WG230F128R61,ARM Cortex-M4,48,128,32,,,,,,,,,,,,,,,,,,,,,,,
EZR32WG230F128R63,ARM Cortex-M4,48,128,32,,,,,,,,,,,,,,,,,,,,,,,
EZR32WG230F128R67,ARM Cortex-M4,48,128,32,,,,,,,,,,,,,,,,,,,,,,,
EZR32WG230F128R68,ARM Cortex-M4,48,128,32,,,,,,,,,,,,,,,,,,,,,,,
EZR32WG230F128R69,ARM Cortex-M4,48,128,32,,,,,,,,,,,,,,,,,,,,,,,
EZR32WG230F256R55,ARM Cortex-M4,48,256,32,,,,,,,,,,,,,,,,,,,,,,,
EZR32WG230F256R60,ARM Cortex-M4,48,256,32,,,,,,,,,,,,,,,,,,,,,,,
EZR32WG230F256R61,ARM Cortex-M4,48,256,32,,,,,,,,,,,,,,,,,,,,,,,
EZR32WG230F256R63,ARM Cortex-M4,48,256,32,,,,,,,,,,,,,,,,,,,,,,,
EZR32WG230F256R67,ARM Cortex-M4,48,256,32,,,,,,,,,,,,,,,,,,,,,,,
EZR32WG230F256R68,ARM Cortex-M4,48,256,32,,,,,,,,,,,,,,,,,,,,,,,
EZR32WG230F256R69,ARM Cortex-M4,48,256,32,,,,,,,,,,,,,,,,,,,,,,,
EZR32WG230F64R55,ARM Cortex-M4,48,64,32,,,,,,,,,,,,,,,,,,,,,,,
EZR32WG230F64R60,ARM Cortex-M4,48,64,32,,,,,,,,,,,,,,,,,,,,,,,
EZR32WG230F64R61,ARM Cortex-M4,48,64,32,,,,,,,,,,,,,,,,,,,,,,,
EZR32WG230F64R63,ARM Cortex-M4,48,64,32,,,,,,,,,,,,,,,,,,,,,,,
EZR32WG230F64R67,ARM Cortex-M4,48,64,32,,,,,,,,,,,,,,,,,,,,,,,
EZR32WG230F64R68,ARM Cortex-M4,48,64,32,,,,,,,,,,,,,,,,,,,,,,,
EZR32WG230F64R69,ARM Cortex-M4,48,64,32,,,,,,,,,,,,,,,,,,,,,,,
EZR32WG330F128R55,ARM Cortex-M4,48,128,32,,,,,,,,,,,,,,,,,,,,,,,
EZR32WG330F128R60,ARM Cortex-M4,48,128,32,,,,,,,,,,,,,,,,,,,,,,,
EZR32WG330F128R61,ARM Cortex-M4,48,128,32,,,,,,,,,,,,,,,,,,,,,,,
EZR32WG330F128R63,ARM Cortex-M4,48,128,32,,,,,,,,,,,,,,,,,,,,,,,
EZR32WG330F128R67,ARM Cortex-M4,48,128,32,,,,,,,,,,,,,,,,,,,,,,,
EZR32WG330F128R68,ARM Cortex-M4,48,128,32,,,,,,,,,,,,,,,,,,,,,,,
EZR32WG330F128R69,ARM Cortex-M4,48,128,32,,,,,,,,,,,,,,,,,,,,,,,
EZR32WG330F256R55,ARM Cortex-M4,48,256,32,,,,,,,,,,,,,,,,,,,,,,,
EZR32WG330F256R60,ARM Cortex-M4,48,256,32,,,,,,,,,,,,,,,,,,,,,,,
EZR32WG330F256R61,ARM Cortex-M4,48,256,32,,,,,,,,,,,,,,,,,,,,,,,
EZR32WG330F256R63,ARM Cortex-M4,48,256,32,,,,,,,,,,,,,,,,,,,,,,,
EZR32WG330F256R67,ARM Cortex-M4,48,256,32,,,,,,,,,,,,,,,,,,,,,,,
EZR32WG330F256R68,ARM Cortex-M4,48,256,32,,,,,,,,,,,,,,,,,,,,,,,
EZR32WG330F256R69,ARM Cortex-M4,48,256,32,,,,,,,,,,,,,,,,,,,,,,,
EZR32WG330F64R55,ARM Cortex-M4,48,64,32,,,,,,,,,,,,,,,,,,,,,,,
EZR32WG330F64R60,ARM Cortex-M4,48,64,32,,,,,,,,,,,,,,,,,,,,,,,
EZR32WG330F64R61,ARM Cortex-M4,48,64,32,,,,,,,,,,,,,,,,,,,,,,,
EZR32WG330F64R63,ARM Cortex-M4,48,64,32,,,,,,,,,,,,,,,,,,,,,,,
EZR32WG330F64R67,ARM Cortex-M4,48,64,32,,,,,,,,,,,,,,,,,,,,,,,
EZR32WG330F64R68,ARM Cortex-M4,48,64,32,,,,,,,,,,,,,,,,,,,,,,,
EZR32WG330F64R69,ARM Cortex-M4,48,64,32,,,,,,,,,,,,,,,,,,,,,,,
EZR32HG220F32R55,ARM Cortex-M0+,24,32,8,,,,,,,,,,,,,,,,,,,,,,,
EZR32HG220F32R61,ARM Cortex-M0+,24,32,8,,,,,,,,,,,,,,,,,,,,,,,
EZR32HG220F32R63,ARM Cortex-M0+,24,32,8,,,,,,,,,,,,,,,,,,,,,,,
EZR32HG220F32R67,ARM Cortex-M0+,24,32,8,,,,,,,,,,,,,,,,,,,,,,,
EZR32HG220F32R68,ARM Cortex-M0+,24,32,8,,,,,,,,,,,,,,,,,,,,,,,
EZR32HG220F32R69,ARM Cortex-M0+,24,32,8,,,,,,,,,,,,,,,,,,,,,,,
EZR64HG220F64R55,ARM Cortex-M0+,24,64,8,,,,,,,,,,,,,,,,,,,,,,,
EZR64HG220F64R61,ARM Cortex-M0+,24,64,8,,,,,,,,,,,,,,,,,,,,,,,
EZR64HG220F64R63,ARM Cortex-M0+,24,64,8,,,,,,,,,,,,,,,,,,,,,,,
EZR64HG220F64R67,ARM Cortex-M0+,24,64,8,,,,,,,,,,,,,,,,,,,,,,,
EZR64HG220F64R68,ARM Cortex-M0+,24,64,8,,,,,,,,,,,,,,,,,,,,,,,
EZR64HG220F64R69,ARM Cortex-M0+,24,64,8,,,,,,,,,,,,,,,,,,,,,,,
EZR32HG320F32R55,ARM Cortex-M0+,24,32,8,,,,,,,,,,,,,,,,,,,,,,,
EZR32HG320F32R61,ARM Cortex-M0+,24,32,8,,,,,,,,,,,,,,,,,,,,,,,
EZR32HG320F32R63,ARM Cortex-M0+,24,32,8,,,,,,,,,,,,,,,,,,,,,,,
EZR32HG320F32R67,ARM Cortex-M0+,24,32,8,,,,,,,,,,,,,,,,,,,,,,,
EZR32HG320F32R68,ARM Cortex-M0+,24,32,8,,,,,,,,,,,,,,,,,,,,,,,
EZR32HG320F32R69,ARM Cortex-M0+,24,32,8,,,,,,,,,,,,,,,,,,,,,,,
EZR64HG320F64R55,ARM Cortex-M0+,24,64,8,,,,,,,,,,,,,,,,,,,,,,,
EZR64HG320F64R61,ARM Cortex-M0+,24,64,8,,,,,,,,,,,,,,,,,,,,,,,
EZR64HG320F64R63,ARM Cortex-M0+,24,64,8,,,,,,,,,,,,,,,,,,,,,,,
EZR64HG320F64R67,ARM Cortex-M0+,24,64,8,,,,,,,,,,,,,,,,,,,,,,,
EZR64HG320F64R68,ARM Cortex-M0+,24,64,8,,,,,,,,,,,,,,,,,,,,,,,
EZR64HG320F64R69,ARM Cortex-M0+,24,64,8,,,,,,,,,,,,,,,,,,,,,,,
